"416","pa_country","127","Cyprus"
"430","pa_country","127","Cyprus"
"668","pa_country","127","Cyprus"
"688","pa_country","127","Cyprus"
"699","pa_country","127","Cyprus"
"712","pa_country","127","Cyprus"
"749","pa_country","127","Cyprus"
"755","pa_country","127","Cyprus"
"813","pa_country","127","Cyprus"
"816","pa_country","127","Cyprus"
"819","pa_country","127","Cyprus"
"822","pa_country","127","Cyprus"
"836","pa_country","127","Cyprus"
"859","pa_country","127","Cyprus"
"862","pa_country","127","Cyprus"
"917","pa_country","127","Cyprus"
"935","pa_country","127","Cyprus"
"941","pa_country","127","Cyprus"
"942","pa_country","127","Cyprus"
"981","pa_country","127","Cyprus"
"989","pa_country","127","Cyprus"
"998","pa_country","127","Cyprus"
"999","pa_country","127","Cyprus"
"1022","pa_country","127","Cyprus"
"1023","pa_country","127","Cyprus"
"1024","pa_country","127","Cyprus"
"1025","pa_country","127","Cyprus"
"1110","pa_country","127","Cyprus"
"1126","pa_country","127","Cyprus"
"1129","pa_country","127","Cyprus"
"1148","pa_country","127","Cyprus"
"1156","pa_country","127","Cyprus"
"1167","pa_country","127","Cyprus"
"1186","pa_country","127","Cyprus"
"1193","pa_country","127","Cyprus"
"1333","pa_country","127","Cyprus"
"1365","pa_country","127","Cyprus"
"1379","pa_country","127","Cyprus"
"1476","pa_country","127","Cyprus"
"1490","pa_country","127","Cyprus"
"1491","pa_country","127","Cyprus"
"1492","pa_country","127","Cyprus"
"1502","pa_country","127","Cyprus"
"1514","pa_country","127","Cyprus"
"1519","pa_country","127","Cyprus"
"1525","pa_country","127","Cyprus"
"1528","pa_country","127","Cyprus"
"1532","pa_country","127","Cyprus"
"1533","pa_country","127","Cyprus"
"1537","pa_country","127","Cyprus"
"1582","pa_country","127","Cyprus"
"1619","pa_country","127","Cyprus"
"1751","pa_country","127","Cyprus"
"1774","pa_country","127","Cyprus"
"1775","pa_country","127","Cyprus"
"1799","pa_country","127","Cyprus"
"1809","pa_country","127","Cyprus"
"1815","pa_country","127","Cyprus"
"1817","pa_country","127","Cyprus"
"1852","pa_country","127","Cyprus"
"1854","pa_country","127","Cyprus"
"2029","pa_country","127","Cyprus"
"2041","pa_country","127","Cyprus"
"2161","pa_country","127","Cyprus"
"2163","pa_country","127","Cyprus"
"2172","pa_country","127","Cyprus"
"2179","pa_country","127","Cyprus"
"2203","pa_country","127","Cyprus"
"2369","pa_country","127","Cyprus"
"2438","pa_country","127","Cyprus"
"2439","pa_country","127","Cyprus"
"2440","pa_country","127","Cyprus"
"2453","pa_country","127","Cyprus"
"2454","pa_country","127","Cyprus"
"2455","pa_country","127","Cyprus"
"2626","pa_country","127","Cyprus"
"2641","pa_country","127","Cyprus"
"2642","pa_country","127","Cyprus"
"2707","pa_country","127","Cyprus"
"2819","pa_country","127","Cyprus"
"2852","pa_country","127","Cyprus"
"2863","pa_country","127","Cyprus"
"2874","pa_country","127","Cyprus"
"2880","pa_country","127","Cyprus"
"3003","pa_country","127","Cyprus"
"3041","pa_country","127","Cyprus"
"3048","pa_country","127","Cyprus"
"3080","pa_country","127","Cyprus"
"3086","pa_country","127","Cyprus"
"3100","pa_country","127","Cyprus"
"3102","pa_country","127","Cyprus"
"3103","pa_country","127","Cyprus"
"3202","pa_country","127","Cyprus"
"3213","pa_country","127","Cyprus"
"3310","pa_country","127","Cyprus"
"3344","pa_country","127","Cyprus"
"3390","pa_country","127","Cyprus"
"3393","pa_country","127","Cyprus"
"3460","pa_country","127","Cyprus"
"3601","pa_country","127","Cyprus"
"3625","pa_country","127","Cyprus"
"3742","pa_country","127","Cyprus"
"3745","pa_country","127","Cyprus"
"3746","pa_country","127","Cyprus"
"3748","pa_country","127","Cyprus"
"3749","pa_country","127","Cyprus"
"3763","pa_country","127","Cyprus"
"3841","pa_country","127","Cyprus"
"3871","pa_country","127","Cyprus"
"3883","pa_country","127","Cyprus"
"3891","pa_country","127","Cyprus"
"3903","pa_country","127","Cyprus"
"3937","pa_country","127","Cyprus"
"3940","pa_country","127","Cyprus"
"3941","pa_country","127","Cyprus"
"3946","pa_country","127","Cyprus"
"3947","pa_country","127","Cyprus"
"3950","pa_country","127","Cyprus"
"3997","pa_country","127","Cyprus"
"4002","pa_country","127","Cyprus"
"4060","pa_country","127","Cyprus"
"4063","pa_country","127","Cyprus"
"4118","pa_country","127","Cyprus"
"4120","pa_country","127","Cyprus"
"4141","pa_country","127","Cyprus"
"4176","pa_country","127","Cyprus"
"4181","pa_country","127","Cyprus"
"4194","pa_country","127","Cyprus"
"4196","pa_country","127","Cyprus"
"4203","pa_country","127","Cyprus"
"4208","pa_country","127","Cyprus"
"4212","pa_country","127","Cyprus"
"4221","pa_country","127","Cyprus"
"4229","pa_country","127","Cyprus"
"4237","pa_country","127","Cyprus"
"4251","pa_country","127","Cyprus"
"4252","pa_country","127","Cyprus"
"4346","pa_country","127","Cyprus"
"4416","pa_country","127","Cyprus"
"4465","pa_country","127","Cyprus"
"4541","pa_country","127","Cyprus"
"4572","pa_country","127","Cyprus"
"4583","pa_country","127","Cyprus"
"4588","pa_country","127","Cyprus"
"4596","pa_country","127","Cyprus"
"4604","pa_country","127","Cyprus"
"4609","pa_country","127","Cyprus"
"4613","pa_country","127","Cyprus"
"4628","pa_country","127","Cyprus"
"4637","pa_country","127","Cyprus"
"4638","pa_country","127","Cyprus"
"4639","pa_country","127","Cyprus"
"4643","pa_country","127","Cyprus"
"4672","pa_country","127","Cyprus"
"4674","pa_country","127","Cyprus"
"4675","pa_country","127","Cyprus"
"4676","pa_country","127","Cyprus"
"4677","pa_country","127","Cyprus"
"4678","pa_country","127","Cyprus"
"4679","pa_country","127","Cyprus"
"4693","pa_country","127","Cyprus"
"4771","pa_country","127","Cyprus"
"4772","pa_country","127","Cyprus"
"4828","pa_country","127","Cyprus"
"5060","pa_country","127","Cyprus"
"5259","pa_country","127","Cyprus"
"5812","pa_country","127","Cyprus"
"5821","pa_country","127","Cyprus"
"5825","pa_country","127","Cyprus"
"5826","pa_country","127","Cyprus"
"5887","pa_country","127","Cyprus"
"5890","pa_country","127","Cyprus"
"5891","pa_country","127","Cyprus"
"5892","pa_country","127","Cyprus"
"5939","pa_country","127","Cyprus"
"5943","pa_country","127","Cyprus"
"5944","pa_country","127","Cyprus"
"5945","pa_country","127","Cyprus"
"5964","pa_country","127","Cyprus"
"5969","pa_country","127","Cyprus"
"6009","pa_country","127","Cyprus"
"6010","pa_country","127","Cyprus"
"6042","pa_country","127","Cyprus"
"6043","pa_country","127","Cyprus"
"6045","pa_country","127","Cyprus"
"6075","pa_country","127","Cyprus"
"6082","pa_country","127","Cyprus"
"6138","pa_country","127","Cyprus"
"6150","pa_country","127","Cyprus"
"1233","pa_country","128","Turkey"
"1255","pa_country","128","Turkey"
"1274","pa_country","128","Turkey"
"1286","pa_country","128","Turkey"
"1292","pa_country","128","Turkey"
"1307","pa_country","128","Turkey"
"1345","pa_country","128","Turkey"
"1390","pa_country","128","Turkey"
"1391","pa_country","128","Turkey"
"1392","pa_country","128","Turkey"
"1428","pa_country","128","Turkey"
"1434","pa_country","128","Turkey"
"1440","pa_country","128","Turkey"
"1442","pa_country","128","Turkey"
"1465","pa_country","128","Turkey"
"1600","pa_country","128","Turkey"
"1612","pa_country","128","Turkey"
"1733","pa_country","128","Turkey"
"1740","pa_country","128","Turkey"
"1826","pa_country","128","Turkey"
"1858","pa_country","128","Turkey"
"1862","pa_country","128","Turkey"
"1868","pa_country","128","Turkey"
"1876","pa_country","128","Turkey"
"1880","pa_country","128","Turkey"
"1881","pa_country","128","Turkey"
"1882","pa_country","128","Turkey"
"1898","pa_country","128","Turkey"
"1907","pa_country","128","Turkey"
"1910","pa_country","128","Turkey"
"1915","pa_country","128","Turkey"
"1919","pa_country","128","Turkey"
"1920","pa_country","128","Turkey"
"2118","pa_country","128","Turkey"
"2328","pa_country","128","Turkey"
"2329","pa_country","128","Turkey"
"3264","pa_country","128","Turkey"
"3298","pa_country","128","Turkey"
"3468","pa_country","128","Turkey"
"3469","pa_country","128","Turkey"
"3477","pa_country","128","Turkey"
"3479","pa_country","128","Turkey"
"3488","pa_country","128","Turkey"
"3489","pa_country","128","Turkey"
"3500","pa_country","128","Turkey"
"3522","pa_country","128","Turkey"
"3523","pa_country","128","Turkey"
"3552","pa_country","128","Turkey"
"3553","pa_country","128","Turkey"
"3573","pa_country","128","Turkey"
"3577","pa_country","128","Turkey"
"3578","pa_country","128","Turkey"
"3579","pa_country","128","Turkey"
"3580","pa_country","128","Turkey"
"3581","pa_country","128","Turkey"
"3583","pa_country","128","Turkey"
"3585","pa_country","128","Turkey"
"3586","pa_country","128","Turkey"
"3587","pa_country","128","Turkey"
"3590","pa_country","128","Turkey"
"3591","pa_country","128","Turkey"
"3593","pa_country","128","Turkey"
"3663","pa_country","128","Turkey"
"3664","pa_country","128","Turkey"
"3680","pa_country","128","Turkey"
"3682","pa_country","128","Turkey"
"3683","pa_country","128","Turkey"
"3687","pa_country","128","Turkey"
"3688","pa_country","128","Turkey"
"3928","pa_country","128","Turkey"
"3965","pa_country","128","Turkey"
"3968","pa_country","128","Turkey"
"3980","pa_country","128","Turkey"
"3988","pa_country","128","Turkey"
"4001","pa_country","128","Turkey"
"4018","pa_country","128","Turkey"
"4025","pa_country","128","Turkey"
"4066","pa_country","128","Turkey"
"4092","pa_country","128","Turkey"
"4110","pa_country","128","Turkey"
"4209","pa_country","128","Turkey"
"4291","pa_country","128","Turkey"
"4299","pa_country","128","Turkey"
"4301","pa_country","128","Turkey"
"4313","pa_country","128","Turkey"
"4317","pa_country","128","Turkey"
"4329","pa_country","128","Turkey"
"4332","pa_country","128","Turkey"
"4333","pa_country","128","Turkey"
"4341","pa_country","128","Turkey"
"4356","pa_country","128","Turkey"
"4377","pa_country","128","Turkey"
"4380","pa_country","128","Turkey"
"4383","pa_country","128","Turkey"
"4397","pa_country","128","Turkey"
"4408","pa_country","128","Turkey"
"4424","pa_country","128","Turkey"
"4430","pa_country","128","Turkey"
"4439","pa_country","128","Turkey"
"4447","pa_country","128","Turkey"
"4450","pa_country","128","Turkey"
"4460","pa_country","128","Turkey"
"4463","pa_country","128","Turkey"
"4480","pa_country","128","Turkey"
"4521","pa_country","128","Turkey"
"4523","pa_country","128","Turkey"
"4561","pa_country","128","Turkey"
"4788","pa_country","128","Turkey"
"4790","pa_country","128","Turkey"
"4793","pa_country","128","Turkey"
"4797","pa_country","128","Turkey"
"4802","pa_country","128","Turkey"
"4806","pa_country","128","Turkey"
"4839","pa_country","128","Turkey"
"4844","pa_country","128","Turkey"
"4862","pa_country","128","Turkey"
"4864","pa_country","128","Turkey"
"4865","pa_country","128","Turkey"
"4866","pa_country","128","Turkey"
"4887","pa_country","128","Turkey"
"4888","pa_country","128","Turkey"
"4889","pa_country","128","Turkey"
"4890","pa_country","128","Turkey"
"4891","pa_country","128","Turkey"
"4892","pa_country","128","Turkey"
"4893","pa_country","128","Turkey"
"4895","pa_country","128","Turkey"
"4896","pa_country","128","Turkey"
"4897","pa_country","128","Turkey"
"4898","pa_country","128","Turkey"
"4980","pa_country","128","Turkey"
"4992","pa_country","128","Turkey"
"4994","pa_country","128","Turkey"
"5002","pa_country","128","Turkey"
"5004","pa_country","128","Turkey"
"5045","pa_country","128","Turkey"
"5049","pa_country","128","Turkey"
"5183","pa_country","128","Turkey"
"5198","pa_country","128","Turkey"
"5199","pa_country","128","Turkey"
"5200","pa_country","128","Turkey"
"5201","pa_country","128","Turkey"
"5202","pa_country","128","Turkey"
"5220","pa_country","128","Turkey"
"5221","pa_country","128","Turkey"
"5222","pa_country","128","Turkey"
"5224","pa_country","128","Turkey"
"5227","pa_country","128","Turkey"
"5228","pa_country","128","Turkey"
"5229","pa_country","128","Turkey"
"5230","pa_country","128","Turkey"
"5231","pa_country","128","Turkey"
"5232","pa_country","128","Turkey"
"5374","pa_country","128","Turkey"
"5477","pa_country","128","Turkey"
"5493","pa_country","128","Turkey"
"5496","pa_country","128","Turkey"
"5497","pa_country","128","Turkey"
"5498","pa_country","128","Turkey"
"5499","pa_country","128","Turkey"
"5500","pa_country","128","Turkey"
"5501","pa_country","128","Turkey"
"5502","pa_country","128","Turkey"
"5503","pa_country","128","Turkey"
"5504","pa_country","128","Turkey"
"5506","pa_country","128","Turkey"
"5507","pa_country","128","Turkey"
"5508","pa_country","128","Turkey"
"5510","pa_country","128","Turkey"
"5512","pa_country","128","Turkey"
"5513","pa_country","128","Turkey"
"5514","pa_country","128","Turkey"
"5515","pa_country","128","Turkey"
"5517","pa_country","128","Turkey"
"5518","pa_country","128","Turkey"
"5519","pa_country","128","Turkey"
"5520","pa_country","128","Turkey"
"5521","pa_country","128","Turkey"
"5522","pa_country","128","Turkey"
"5523","pa_country","128","Turkey"
"5524","pa_country","128","Turkey"
"5525","pa_country","128","Turkey"
"5526","pa_country","128","Turkey"
"5527","pa_country","128","Turkey"
"5528","pa_country","128","Turkey"
"5529","pa_country","128","Turkey"
"5530","pa_country","128","Turkey"
"5531","pa_country","128","Turkey"
"5532","pa_country","128","Turkey"
"5533","pa_country","128","Turkey"
"5534","pa_country","128","Turkey"
"5535","pa_country","128","Turkey"
"5536","pa_country","128","Turkey"
"5537","pa_country","128","Turkey"
"5538","pa_country","128","Turkey"
"5539","pa_country","128","Turkey"
"5796","pa_country","128","Turkey"
"5797","pa_country","128","Turkey"
"5798","pa_country","128","Turkey"
"5804","pa_country","128","Turkey"
"5830","pa_country","128","Turkey"
"5831","pa_country","128","Turkey"
"5853","pa_country","128","Turkey"
"5854","pa_country","128","Turkey"
"5860","pa_country","128","Turkey"
"5945","pa_country","128","Turkey"
"416","pa_country","130","Nicosia"
"430","pa_country","130","Nicosia"
"668","pa_country","130","Nicosia"
"749","pa_country","130","Nicosia"
"755","pa_country","130","Nicosia"
"813","pa_country","130","Nicosia"
"819","pa_country","130","Nicosia"
"822","pa_country","130","Nicosia"
"859","pa_country","130","Nicosia"
"917","pa_country","130","Nicosia"
"935","pa_country","130","Nicosia"
"999","pa_country","130","Nicosia"
"1022","pa_country","130","Nicosia"
"1024","pa_country","130","Nicosia"
"1025","pa_country","130","Nicosia"
"1156","pa_country","130","Nicosia"
"1333","pa_country","130","Nicosia"
"1365","pa_country","130","Nicosia"
"1379","pa_country","130","Nicosia"
"1502","pa_country","130","Nicosia"
"1514","pa_country","130","Nicosia"
"1519","pa_country","130","Nicosia"
"1582","pa_country","130","Nicosia"
"1751","pa_country","130","Nicosia"
"1799","pa_country","130","Nicosia"
"1815","pa_country","130","Nicosia"
"1817","pa_country","130","Nicosia"
"2029","pa_country","130","Nicosia"
"2163","pa_country","130","Nicosia"
"2179","pa_country","130","Nicosia"
"2203","pa_country","130","Nicosia"
"2369","pa_country","130","Nicosia"
"2453","pa_country","130","Nicosia"
"2641","pa_country","130","Nicosia"
"2642","pa_country","130","Nicosia"
"2707","pa_country","130","Nicosia"
"2852","pa_country","130","Nicosia"
"2863","pa_country","130","Nicosia"
"2874","pa_country","130","Nicosia"
"2880","pa_country","130","Nicosia"
"3202","pa_country","130","Nicosia"
"3213","pa_country","130","Nicosia"
"3390","pa_country","130","Nicosia"
"3460","pa_country","130","Nicosia"
"3763","pa_country","130","Nicosia"
"3841","pa_country","130","Nicosia"
"4208","pa_country","130","Nicosia"
"4346","pa_country","130","Nicosia"
"4416","pa_country","130","Nicosia"
"4465","pa_country","130","Nicosia"
"4541","pa_country","130","Nicosia"
"4572","pa_country","130","Nicosia"
"4583","pa_country","130","Nicosia"
"4588","pa_country","130","Nicosia"
"4596","pa_country","130","Nicosia"
"4604","pa_country","130","Nicosia"
"4609","pa_country","130","Nicosia"
"4613","pa_country","130","Nicosia"
"4637","pa_country","130","Nicosia"
"4638","pa_country","130","Nicosia"
"4639","pa_country","130","Nicosia"
"4643","pa_country","130","Nicosia"
"4674","pa_country","130","Nicosia"
"4675","pa_country","130","Nicosia"
"4676","pa_country","130","Nicosia"
"4677","pa_country","130","Nicosia"
"4678","pa_country","130","Nicosia"
"4679","pa_country","130","Nicosia"
"4828","pa_country","130","Nicosia"
"5060","pa_country","130","Nicosia"
"5812","pa_country","130","Nicosia"
"5821","pa_country","130","Nicosia"
"5825","pa_country","130","Nicosia"
"5826","pa_country","130","Nicosia"
"5887","pa_country","130","Nicosia"
"5890","pa_country","130","Nicosia"
"5892","pa_country","130","Nicosia"
"5964","pa_country","130","Nicosia"
"5969","pa_country","130","Nicosia"
"6082","pa_country","130","Nicosia"
"6138","pa_country","130","Nicosia"
"6150","pa_country","130","Nicosia"
"668","pa_country","131","Kyrenia"
"688","pa_country","131","Kyrenia"
"699","pa_country","131","Kyrenia"
"859","pa_country","131","Kyrenia"
"917","pa_country","131","Kyrenia"
"935","pa_country","131","Kyrenia"
"941","pa_country","131","Kyrenia"
"942","pa_country","131","Kyrenia"
"981","pa_country","131","Kyrenia"
"989","pa_country","131","Kyrenia"
"998","pa_country","131","Kyrenia"
"1023","pa_country","131","Kyrenia"
"1110","pa_country","131","Kyrenia"
"1167","pa_country","131","Kyrenia"
"1186","pa_country","131","Kyrenia"
"1193","pa_country","131","Kyrenia"
"1333","pa_country","131","Kyrenia"
"1365","pa_country","131","Kyrenia"
"1379","pa_country","131","Kyrenia"
"1490","pa_country","131","Kyrenia"
"1491","pa_country","131","Kyrenia"
"1492","pa_country","131","Kyrenia"
"1525","pa_country","131","Kyrenia"
"1528","pa_country","131","Kyrenia"
"1532","pa_country","131","Kyrenia"
"1533","pa_country","131","Kyrenia"
"1619","pa_country","131","Kyrenia"
"1809","pa_country","131","Kyrenia"
"1817","pa_country","131","Kyrenia"
"1852","pa_country","131","Kyrenia"
"1854","pa_country","131","Kyrenia"
"2041","pa_country","131","Kyrenia"
"2163","pa_country","131","Kyrenia"
"2172","pa_country","131","Kyrenia"
"2438","pa_country","131","Kyrenia"
"2439","pa_country","131","Kyrenia"
"2440","pa_country","131","Kyrenia"
"2626","pa_country","131","Kyrenia"
"2689","pa_country","131","Kyrenia"
"2707","pa_country","131","Kyrenia"
"3003","pa_country","131","Kyrenia"
"3310","pa_country","131","Kyrenia"
"3625","pa_country","131","Kyrenia"
"3742","pa_country","131","Kyrenia"
"3745","pa_country","131","Kyrenia"
"3746","pa_country","131","Kyrenia"
"3748","pa_country","131","Kyrenia"
"3749","pa_country","131","Kyrenia"
"3763","pa_country","131","Kyrenia"
"4208","pa_country","131","Kyrenia"
"4465","pa_country","131","Kyrenia"
"4572","pa_country","131","Kyrenia"
"4583","pa_country","131","Kyrenia"
"4588","pa_country","131","Kyrenia"
"4596","pa_country","131","Kyrenia"
"4604","pa_country","131","Kyrenia"
"4609","pa_country","131","Kyrenia"
"4613","pa_country","131","Kyrenia"
"4639","pa_country","131","Kyrenia"
"4643","pa_country","131","Kyrenia"
"4676","pa_country","131","Kyrenia"
"5060","pa_country","131","Kyrenia"
"5259","pa_country","131","Kyrenia"
"5964","pa_country","131","Kyrenia"
"6009","pa_country","131","Kyrenia"
"6010","pa_country","131","Kyrenia"
"6075","pa_country","131","Kyrenia"
"6082","pa_country","131","Kyrenia"
"6138","pa_country","131","Kyrenia"
"668","pa_country","132","Famagusta"
"816","pa_country","132","Famagusta"
"859","pa_country","132","Famagusta"
"999","pa_country","132","Famagusta"
"1022","pa_country","132","Famagusta"
"1024","pa_country","132","Famagusta"
"1148","pa_country","132","Famagusta"
"1333","pa_country","132","Famagusta"
"1365","pa_country","132","Famagusta"
"1379","pa_country","132","Famagusta"
"1774","pa_country","132","Famagusta"
"1775","pa_country","132","Famagusta"
"2161","pa_country","132","Famagusta"
"2179","pa_country","132","Famagusta"
"2707","pa_country","132","Famagusta"
"3601","pa_country","132","Famagusta"
"3763","pa_country","132","Famagusta"
"3937","pa_country","132","Famagusta"
"3940","pa_country","132","Famagusta"
"3941","pa_country","132","Famagusta"
"3946","pa_country","132","Famagusta"
"3950","pa_country","132","Famagusta"
"3997","pa_country","132","Famagusta"
"4141","pa_country","132","Famagusta"
"4176","pa_country","132","Famagusta"
"4181","pa_country","132","Famagusta"
"4194","pa_country","132","Famagusta"
"4196","pa_country","132","Famagusta"
"4203","pa_country","132","Famagusta"
"4208","pa_country","132","Famagusta"
"4212","pa_country","132","Famagusta"
"4221","pa_country","132","Famagusta"
"4229","pa_country","132","Famagusta"
"4237","pa_country","132","Famagusta"
"4251","pa_country","132","Famagusta"
"4252","pa_country","132","Famagusta"
"4465","pa_country","132","Famagusta"
"4572","pa_country","132","Famagusta"
"4583","pa_country","132","Famagusta"
"4588","pa_country","132","Famagusta"
"4596","pa_country","132","Famagusta"
"4604","pa_country","132","Famagusta"
"4609","pa_country","132","Famagusta"
"4613","pa_country","132","Famagusta"
"4639","pa_country","132","Famagusta"
"4643","pa_country","132","Famagusta"
"4674","pa_country","132","Famagusta"
"5060","pa_country","132","Famagusta"
"5259","pa_country","132","Famagusta"
"5821","pa_country","132","Famagusta"
"5939","pa_country","132","Famagusta"
"5943","pa_country","132","Famagusta"
"5944","pa_country","132","Famagusta"
"5945","pa_country","132","Famagusta"
"5964","pa_country","132","Famagusta"
"6082","pa_country","132","Famagusta"
"6138","pa_country","132","Famagusta"
"1453","pa_country","133","Istanbul"
"1465","pa_country","133","Istanbul"
"4447","pa_country","133","Istanbul"
"4480","pa_country","133","Istanbul"
"4839","pa_country","133","Istanbul"
"4844","pa_country","133","Istanbul"
"4862","pa_country","133","Istanbul"
"4864","pa_country","133","Istanbul"
"4865","pa_country","133","Istanbul"
"4866","pa_country","133","Istanbul"
"4887","pa_country","133","Istanbul"
"4888","pa_country","133","Istanbul"
"4889","pa_country","133","Istanbul"
"4890","pa_country","133","Istanbul"
"4891","pa_country","133","Istanbul"
"4892","pa_country","133","Istanbul"
"4893","pa_country","133","Istanbul"
"4895","pa_country","133","Istanbul"
"4896","pa_country","133","Istanbul"
"4897","pa_country","133","Istanbul"
"4898","pa_country","133","Istanbul"
"5183","pa_country","133","Istanbul"
"5198","pa_country","133","Istanbul"
"5199","pa_country","133","Istanbul"
"5200","pa_country","133","Istanbul"
"5201","pa_country","133","Istanbul"
"5202","pa_country","133","Istanbul"
"5220","pa_country","133","Istanbul"
"5221","pa_country","133","Istanbul"
"5222","pa_country","133","Istanbul"
"5224","pa_country","133","Istanbul"
"5227","pa_country","133","Istanbul"
"5228","pa_country","133","Istanbul"
"5229","pa_country","133","Istanbul"
"5230","pa_country","133","Istanbul"
"5231","pa_country","133","Istanbul"
"5232","pa_country","133","Istanbul"
"5374","pa_country","133","Istanbul"
"5477","pa_country","133","Istanbul"
"5493","pa_country","133","Istanbul"
"5496","pa_country","133","Istanbul"
"5497","pa_country","133","Istanbul"
"5498","pa_country","133","Istanbul"
"5499","pa_country","133","Istanbul"
"5500","pa_country","133","Istanbul"
"5501","pa_country","133","Istanbul"
"5502","pa_country","133","Istanbul"
"5503","pa_country","133","Istanbul"
"5504","pa_country","133","Istanbul"
"5506","pa_country","133","Istanbul"
"5507","pa_country","133","Istanbul"
"5508","pa_country","133","Istanbul"
"5510","pa_country","133","Istanbul"
"5512","pa_country","133","Istanbul"
"5513","pa_country","133","Istanbul"
"5514","pa_country","133","Istanbul"
"5515","pa_country","133","Istanbul"
"5517","pa_country","133","Istanbul"
"5518","pa_country","133","Istanbul"
"5519","pa_country","133","Istanbul"
"5520","pa_country","133","Istanbul"
"5521","pa_country","133","Istanbul"
"5522","pa_country","133","Istanbul"
"5523","pa_country","133","Istanbul"
"5524","pa_country","133","Istanbul"
"5525","pa_country","133","Istanbul"
"5526","pa_country","133","Istanbul"
"5527","pa_country","133","Istanbul"
"5528","pa_country","133","Istanbul"
"5529","pa_country","133","Istanbul"
"5530","pa_country","133","Istanbul"
"5531","pa_country","133","Istanbul"
"5532","pa_country","133","Istanbul"
"5533","pa_country","133","Istanbul"
"5534","pa_country","133","Istanbul"
"5535","pa_country","133","Istanbul"
"5536","pa_country","133","Istanbul"
"5537","pa_country","133","Istanbul"
"5538","pa_country","133","Istanbul"
"5539","pa_country","133","Istanbul"
"5796","pa_country","133","Istanbul"
"5797","pa_country","133","Istanbul"
"5798","pa_country","133","Istanbul"
"5804","pa_country","133","Istanbul"
"5830","pa_country","133","Istanbul"
"5831","pa_country","133","Istanbul"
"5853","pa_country","133","Istanbul"
"5854","pa_country","133","Istanbul"
"5860","pa_country","133","Istanbul"
"4447","pa_country","134","Istanbul (European)"
"4480","pa_country","134","Istanbul (European)"
"4839","pa_country","134","Istanbul (European)"
"4844","pa_country","134","Istanbul (European)"
"4864","pa_country","134","Istanbul (European)"
"4865","pa_country","134","Istanbul (European)"
"4866","pa_country","134","Istanbul (European)"
"4887","pa_country","134","Istanbul (European)"
"4888","pa_country","134","Istanbul (European)"
"4889","pa_country","134","Istanbul (European)"
"4890","pa_country","134","Istanbul (European)"
"4891","pa_country","134","Istanbul (European)"
"4892","pa_country","134","Istanbul (European)"
"4895","pa_country","134","Istanbul (European)"
"4896","pa_country","134","Istanbul (European)"
"4897","pa_country","134","Istanbul (European)"
"4898","pa_country","134","Istanbul (European)"
"5183","pa_country","134","Istanbul (European)"
"5198","pa_country","134","Istanbul (European)"
"5199","pa_country","134","Istanbul (European)"
"5201","pa_country","134","Istanbul (European)"
"5222","pa_country","134","Istanbul (European)"
"5224","pa_country","134","Istanbul (European)"
"5493","pa_country","134","Istanbul (European)"
"5496","pa_country","134","Istanbul (European)"
"5498","pa_country","134","Istanbul (European)"
"5500","pa_country","134","Istanbul (European)"
"5501","pa_country","134","Istanbul (European)"
"5502","pa_country","134","Istanbul (European)"
"5504","pa_country","134","Istanbul (European)"
"5506","pa_country","134","Istanbul (European)"
"5507","pa_country","134","Istanbul (European)"
"5508","pa_country","134","Istanbul (European)"
"5510","pa_country","134","Istanbul (European)"
"5512","pa_country","134","Istanbul (European)"
"5513","pa_country","134","Istanbul (European)"
"5526","pa_country","134","Istanbul (European)"
"5527","pa_country","134","Istanbul (European)"
"5528","pa_country","134","Istanbul (European)"
"5529","pa_country","134","Istanbul (European)"
"5530","pa_country","134","Istanbul (European)"
"5531","pa_country","134","Istanbul (European)"
"5532","pa_country","134","Istanbul (European)"
"5533","pa_country","134","Istanbul (European)"
"5534","pa_country","134","Istanbul (European)"
"5535","pa_country","134","Istanbul (European)"
"5536","pa_country","134","Istanbul (European)"
"5537","pa_country","134","Istanbul (European)"
"5538","pa_country","134","Istanbul (European)"
"5539","pa_country","134","Istanbul (European)"
"5796","pa_country","134","Istanbul (European)"
"5830","pa_country","134","Istanbul (European)"
"5831","pa_country","134","Istanbul (European)"
"5853","pa_country","134","Istanbul (European)"
"5854","pa_country","134","Istanbul (European)"
"5860","pa_country","134","Istanbul (European)"
"4480","pa_country","135","Istanbul (Anatolian)"
"4864","pa_country","135","Istanbul (Anatolian)"
"4865","pa_country","135","Istanbul (Anatolian)"
"4866","pa_country","135","Istanbul (Anatolian)"
"4887","pa_country","135","Istanbul (Anatolian)"
"4888","pa_country","135","Istanbul (Anatolian)"
"4889","pa_country","135","Istanbul (Anatolian)"
"4892","pa_country","135","Istanbul (Anatolian)"
"4893","pa_country","135","Istanbul (Anatolian)"
"5183","pa_country","135","Istanbul (Anatolian)"
"5198","pa_country","135","Istanbul (Anatolian)"
"5199","pa_country","135","Istanbul (Anatolian)"
"5201","pa_country","135","Istanbul (Anatolian)"
"5222","pa_country","135","Istanbul (Anatolian)"
"5224","pa_country","135","Istanbul (Anatolian)"
"5477","pa_country","135","Istanbul (Anatolian)"
"416","pa_languages","139","English"
"430","pa_languages","139","English"
"668","pa_languages","139","English"
"688","pa_languages","139","English"
"699","pa_languages","139","English"
"712","pa_languages","139","English"
"749","pa_languages","139","English"
"755","pa_languages","139","English"
"813","pa_languages","139","English"
"816","pa_languages","139","English"
"819","pa_languages","139","English"
"822","pa_languages","139","English"
"836","pa_languages","139","English"
"859","pa_languages","139","English"
"862","pa_languages","139","English"
"917","pa_languages","139","English"
"935","pa_languages","139","English"
"941","pa_languages","139","English"
"942","pa_languages","139","English"
"981","pa_languages","139","English"
"989","pa_languages","139","English"
"998","pa_languages","139","English"
"999","pa_languages","139","English"
"1022","pa_languages","139","English"
"1023","pa_languages","139","English"
"1024","pa_languages","139","English"
"1025","pa_languages","139","English"
"1110","pa_languages","139","English"
"1126","pa_languages","139","English"
"1128","pa_languages","139","English"
"1129","pa_languages","139","English"
"1148","pa_languages","139","English"
"1156","pa_languages","139","English"
"1167","pa_languages","139","English"
"1186","pa_languages","139","English"
"1193","pa_languages","139","English"
"1233","pa_languages","139","English"
"1255","pa_languages","139","English"
"1274","pa_languages","139","English"
"1286","pa_languages","139","English"
"1292","pa_languages","139","English"
"1307","pa_languages","139","English"
"1333","pa_languages","139","English"
"1345","pa_languages","139","English"
"1365","pa_languages","139","English"
"1379","pa_languages","139","English"
"1390","pa_languages","139","English"
"1391","pa_languages","139","English"
"1392","pa_languages","139","English"
"1428","pa_languages","139","English"
"1434","pa_languages","139","English"
"1440","pa_languages","139","English"
"1442","pa_languages","139","English"
"1453","pa_languages","139","English"
"1465","pa_languages","139","English"
"1476","pa_languages","139","English"
"1490","pa_languages","139","English"
"1491","pa_languages","139","English"
"1492","pa_languages","139","English"
"1502","pa_languages","139","English"
"1514","pa_languages","139","English"
"1519","pa_languages","139","English"
"1525","pa_languages","139","English"
"1528","pa_languages","139","English"
"1532","pa_languages","139","English"
"1533","pa_languages","139","English"
"1537","pa_languages","139","English"
"1582","pa_languages","139","English"
"1600","pa_languages","139","English"
"1612","pa_languages","139","English"
"1619","pa_languages","139","English"
"1733","pa_languages","139","English"
"1740","pa_languages","139","English"
"1751","pa_languages","139","English"
"1774","pa_languages","139","English"
"1775","pa_languages","139","English"
"1799","pa_languages","139","English"
"1809","pa_languages","139","English"
"1815","pa_languages","139","English"
"1817","pa_languages","139","English"
"1826","pa_languages","139","English"
"1852","pa_languages","139","English"
"1854","pa_languages","139","English"
"1858","pa_languages","139","English"
"1862","pa_languages","139","English"
"1868","pa_languages","139","English"
"1876","pa_languages","139","English"
"1880","pa_languages","139","English"
"1881","pa_languages","139","English"
"1882","pa_languages","139","English"
"1898","pa_languages","139","English"
"1907","pa_languages","139","English"
"1910","pa_languages","139","English"
"1915","pa_languages","139","English"
"1919","pa_languages","139","English"
"1920","pa_languages","139","English"
"2029","pa_languages","139","English"
"2118","pa_languages","139","English"
"2161","pa_languages","139","English"
"2163","pa_languages","139","English"
"2172","pa_languages","139","English"
"2179","pa_languages","139","English"
"2203","pa_languages","139","English"
"2328","pa_languages","139","English"
"2329","pa_languages","139","English"
"2369","pa_languages","139","English"
"2424","pa_languages","139","English"
"2438","pa_languages","139","English"
"2439","pa_languages","139","English"
"2440","pa_languages","139","English"
"2626","pa_languages","139","English"
"2641","pa_languages","139","English"
"2642","pa_languages","139","English"
"2689","pa_languages","139","English"
"2819","pa_languages","139","English"
"2852","pa_languages","139","English"
"2863","pa_languages","139","English"
"2874","pa_languages","139","English"
"2880","pa_languages","139","English"
"3003","pa_languages","139","English"
"3041","pa_languages","139","English"
"3048","pa_languages","139","English"
"3080","pa_languages","139","English"
"3086","pa_languages","139","English"
"3100","pa_languages","139","English"
"3102","pa_languages","139","English"
"3103","pa_languages","139","English"
"3202","pa_languages","139","English"
"3213","pa_languages","139","English"
"3264","pa_languages","139","English"
"3298","pa_languages","139","English"
"3310","pa_languages","139","English"
"3344","pa_languages","139","English"
"3390","pa_languages","139","English"
"3393","pa_languages","139","English"
"3460","pa_languages","139","English"
"3468","pa_languages","139","English"
"3469","pa_languages","139","English"
"3477","pa_languages","139","English"
"3479","pa_languages","139","English"
"3488","pa_languages","139","English"
"3489","pa_languages","139","English"
"3500","pa_languages","139","English"
"3522","pa_languages","139","English"
"3523","pa_languages","139","English"
"3552","pa_languages","139","English"
"3553","pa_languages","139","English"
"3573","pa_languages","139","English"
"3577","pa_languages","139","English"
"3578","pa_languages","139","English"
"3579","pa_languages","139","English"
"3580","pa_languages","139","English"
"3581","pa_languages","139","English"
"3583","pa_languages","139","English"
"3585","pa_languages","139","English"
"3586","pa_languages","139","English"
"3587","pa_languages","139","English"
"3590","pa_languages","139","English"
"3591","pa_languages","139","English"
"3593","pa_languages","139","English"
"3601","pa_languages","139","English"
"3625","pa_languages","139","English"
"3663","pa_languages","139","English"
"3664","pa_languages","139","English"
"3680","pa_languages","139","English"
"3682","pa_languages","139","English"
"3683","pa_languages","139","English"
"3687","pa_languages","139","English"
"3742","pa_languages","139","English"
"3745","pa_languages","139","English"
"3746","pa_languages","139","English"
"3748","pa_languages","139","English"
"3749","pa_languages","139","English"
"3763","pa_languages","139","English"
"3841","pa_languages","139","English"
"3871","pa_languages","139","English"
"3883","pa_languages","139","English"
"3891","pa_languages","139","English"
"3903","pa_languages","139","English"
"3928","pa_languages","139","English"
"3937","pa_languages","139","English"
"3940","pa_languages","139","English"
"3941","pa_languages","139","English"
"3946","pa_languages","139","English"
"3947","pa_languages","139","English"
"3950","pa_languages","139","English"
"3968","pa_languages","139","English"
"3980","pa_languages","139","English"
"3988","pa_languages","139","English"
"3997","pa_languages","139","English"
"4001","pa_languages","139","English"
"4002","pa_languages","139","English"
"4018","pa_languages","139","English"
"4025","pa_languages","139","English"
"4060","pa_languages","139","English"
"4063","pa_languages","139","English"
"4066","pa_languages","139","English"
"4092","pa_languages","139","English"
"4110","pa_languages","139","English"
"4118","pa_languages","139","English"
"4120","pa_languages","139","English"
"4141","pa_languages","139","English"
"4176","pa_languages","139","English"
"4181","pa_languages","139","English"
"4194","pa_languages","139","English"
"4196","pa_languages","139","English"
"4203","pa_languages","139","English"
"4208","pa_languages","139","English"
"4209","pa_languages","139","English"
"4212","pa_languages","139","English"
"4221","pa_languages","139","English"
"4229","pa_languages","139","English"
"4237","pa_languages","139","English"
"4251","pa_languages","139","English"
"4252","pa_languages","139","English"
"4291","pa_languages","139","English"
"4299","pa_languages","139","English"
"4301","pa_languages","139","English"
"4313","pa_languages","139","English"
"4317","pa_languages","139","English"
"4329","pa_languages","139","English"
"4332","pa_languages","139","English"
"4333","pa_languages","139","English"
"4341","pa_languages","139","English"
"4346","pa_languages","139","English"
"4356","pa_languages","139","English"
"4377","pa_languages","139","English"
"4380","pa_languages","139","English"
"4383","pa_languages","139","English"
"4397","pa_languages","139","English"
"4408","pa_languages","139","English"
"4416","pa_languages","139","English"
"4424","pa_languages","139","English"
"4430","pa_languages","139","English"
"4439","pa_languages","139","English"
"4447","pa_languages","139","English"
"4450","pa_languages","139","English"
"4460","pa_languages","139","English"
"4463","pa_languages","139","English"
"4465","pa_languages","139","English"
"4480","pa_languages","139","English"
"4521","pa_languages","139","English"
"4523","pa_languages","139","English"
"4541","pa_languages","139","English"
"4561","pa_languages","139","English"
"4572","pa_languages","139","English"
"4583","pa_languages","139","English"
"4588","pa_languages","139","English"
"4596","pa_languages","139","English"
"4604","pa_languages","139","English"
"4609","pa_languages","139","English"
"4613","pa_languages","139","English"
"4628","pa_languages","139","English"
"4637","pa_languages","139","English"
"4638","pa_languages","139","English"
"4639","pa_languages","139","English"
"4643","pa_languages","139","English"
"4672","pa_languages","139","English"
"4674","pa_languages","139","English"
"4675","pa_languages","139","English"
"4676","pa_languages","139","English"
"4677","pa_languages","139","English"
"4678","pa_languages","139","English"
"4679","pa_languages","139","English"
"4693","pa_languages","139","English"
"4771","pa_languages","139","English"
"4772","pa_languages","139","English"
"4788","pa_languages","139","English"
"4790","pa_languages","139","English"
"4793","pa_languages","139","English"
"4797","pa_languages","139","English"
"4802","pa_languages","139","English"
"4806","pa_languages","139","English"
"4828","pa_languages","139","English"
"4839","pa_languages","139","English"
"4844","pa_languages","139","English"
"4862","pa_languages","139","English"
"4864","pa_languages","139","English"
"4865","pa_languages","139","English"
"4866","pa_languages","139","English"
"4887","pa_languages","139","English"
"4888","pa_languages","139","English"
"4889","pa_languages","139","English"
"4890","pa_languages","139","English"
"4891","pa_languages","139","English"
"4892","pa_languages","139","English"
"4893","pa_languages","139","English"
"4895","pa_languages","139","English"
"4896","pa_languages","139","English"
"4897","pa_languages","139","English"
"4898","pa_languages","139","English"
"4980","pa_languages","139","English"
"4992","pa_languages","139","English"
"4994","pa_languages","139","English"
"5002","pa_languages","139","English"
"5004","pa_languages","139","English"
"5045","pa_languages","139","English"
"5049","pa_languages","139","English"
"5060","pa_languages","139","English"
"5183","pa_languages","139","English"
"5198","pa_languages","139","English"
"5199","pa_languages","139","English"
"5200","pa_languages","139","English"
"5201","pa_languages","139","English"
"5202","pa_languages","139","English"
"5220","pa_languages","139","English"
"5221","pa_languages","139","English"
"5222","pa_languages","139","English"
"5224","pa_languages","139","English"
"5227","pa_languages","139","English"
"5228","pa_languages","139","English"
"5229","pa_languages","139","English"
"5230","pa_languages","139","English"
"5231","pa_languages","139","English"
"5232","pa_languages","139","English"
"5259","pa_languages","139","English"
"5374","pa_languages","139","English"
"5477","pa_languages","139","English"
"5493","pa_languages","139","English"
"5496","pa_languages","139","English"
"5497","pa_languages","139","English"
"5498","pa_languages","139","English"
"5499","pa_languages","139","English"
"5500","pa_languages","139","English"
"5501","pa_languages","139","English"
"5502","pa_languages","139","English"
"5503","pa_languages","139","English"
"5504","pa_languages","139","English"
"5506","pa_languages","139","English"
"5507","pa_languages","139","English"
"5508","pa_languages","139","English"
"5510","pa_languages","139","English"
"5512","pa_languages","139","English"
"5513","pa_languages","139","English"
"5514","pa_languages","139","English"
"5515","pa_languages","139","English"
"5517","pa_languages","139","English"
"5518","pa_languages","139","English"
"5519","pa_languages","139","English"
"5520","pa_languages","139","English"
"5521","pa_languages","139","English"
"5522","pa_languages","139","English"
"5523","pa_languages","139","English"
"5524","pa_languages","139","English"
"5525","pa_languages","139","English"
"5526","pa_languages","139","English"
"5527","pa_languages","139","English"
"5528","pa_languages","139","English"
"5529","pa_languages","139","English"
"5530","pa_languages","139","English"
"5531","pa_languages","139","English"
"5532","pa_languages","139","English"
"5533","pa_languages","139","English"
"5534","pa_languages","139","English"
"5535","pa_languages","139","English"
"5536","pa_languages","139","English"
"5537","pa_languages","139","English"
"5538","pa_languages","139","English"
"5539","pa_languages","139","English"
"5796","pa_languages","139","English"
"5797","pa_languages","139","English"
"5798","pa_languages","139","English"
"5804","pa_languages","139","English"
"5812","pa_languages","139","English"
"5821","pa_languages","139","English"
"5825","pa_languages","139","English"
"5826","pa_languages","139","English"
"5830","pa_languages","139","English"
"5831","pa_languages","139","English"
"5853","pa_languages","139","English"
"5854","pa_languages","139","English"
"5860","pa_languages","139","English"
"5887","pa_languages","139","English"
"5890","pa_languages","139","English"
"5891","pa_languages","139","English"
"5892","pa_languages","139","English"
"5939","pa_languages","139","English"
"5943","pa_languages","139","English"
"5944","pa_languages","139","English"
"5945","pa_languages","139","English"
"5964","pa_languages","139","English"
"5969","pa_languages","139","English"
"6009","pa_languages","139","English"
"6010","pa_languages","139","English"
"6042","pa_languages","139","English"
"6043","pa_languages","139","English"
"6045","pa_languages","139","English"
"6075","pa_languages","139","English"
"6082","pa_languages","139","English"
"6138","pa_languages","139","English"
"6150","pa_languages","139","English"
"416","pa_languages","140","Turkish"
"430","pa_languages","140","Turkish"
"668","pa_languages","140","Turkish"
"688","pa_languages","140","Turkish"
"699","pa_languages","140","Turkish"
"712","pa_languages","140","Turkish"
"749","pa_languages","140","Turkish"
"755","pa_languages","140","Turkish"
"813","pa_languages","140","Turkish"
"816","pa_languages","140","Turkish"
"819","pa_languages","140","Turkish"
"822","pa_languages","140","Turkish"
"836","pa_languages","140","Turkish"
"859","pa_languages","140","Turkish"
"862","pa_languages","140","Turkish"
"917","pa_languages","140","Turkish"
"935","pa_languages","140","Turkish"
"941","pa_languages","140","Turkish"
"942","pa_languages","140","Turkish"
"981","pa_languages","140","Turkish"
"989","pa_languages","140","Turkish"
"998","pa_languages","140","Turkish"
"999","pa_languages","140","Turkish"
"1022","pa_languages","140","Turkish"
"1023","pa_languages","140","Turkish"
"1024","pa_languages","140","Turkish"
"1025","pa_languages","140","Turkish"
"1110","pa_languages","140","Turkish"
"1128","pa_languages","140","Turkish"
"1129","pa_languages","140","Turkish"
"1148","pa_languages","140","Turkish"
"1156","pa_languages","140","Turkish"
"1167","pa_languages","140","Turkish"
"1186","pa_languages","140","Turkish"
"1193","pa_languages","140","Turkish"
"1233","pa_languages","140","Turkish"
"1255","pa_languages","140","Turkish"
"1274","pa_languages","140","Turkish"
"1286","pa_languages","140","Turkish"
"1292","pa_languages","140","Turkish"
"1307","pa_languages","140","Turkish"
"1333","pa_languages","140","Turkish"
"1345","pa_languages","140","Turkish"
"1365","pa_languages","140","Turkish"
"1379","pa_languages","140","Turkish"
"1390","pa_languages","140","Turkish"
"1391","pa_languages","140","Turkish"
"1392","pa_languages","140","Turkish"
"1428","pa_languages","140","Turkish"
"1434","pa_languages","140","Turkish"
"1440","pa_languages","140","Turkish"
"1442","pa_languages","140","Turkish"
"1453","pa_languages","140","Turkish"
"1465","pa_languages","140","Turkish"
"1490","pa_languages","140","Turkish"
"1491","pa_languages","140","Turkish"
"1492","pa_languages","140","Turkish"
"1502","pa_languages","140","Turkish"
"1514","pa_languages","140","Turkish"
"1519","pa_languages","140","Turkish"
"1525","pa_languages","140","Turkish"
"1528","pa_languages","140","Turkish"
"1532","pa_languages","140","Turkish"
"1533","pa_languages","140","Turkish"
"1537","pa_languages","140","Turkish"
"1582","pa_languages","140","Turkish"
"1600","pa_languages","140","Turkish"
"1612","pa_languages","140","Turkish"
"1619","pa_languages","140","Turkish"
"1733","pa_languages","140","Turkish"
"1740","pa_languages","140","Turkish"
"1751","pa_languages","140","Turkish"
"1774","pa_languages","140","Turkish"
"1775","pa_languages","140","Turkish"
"1799","pa_languages","140","Turkish"
"1809","pa_languages","140","Turkish"
"1815","pa_languages","140","Turkish"
"1817","pa_languages","140","Turkish"
"1826","pa_languages","140","Turkish"
"1852","pa_languages","140","Turkish"
"1854","pa_languages","140","Turkish"
"1858","pa_languages","140","Turkish"
"1862","pa_languages","140","Turkish"
"1868","pa_languages","140","Turkish"
"1876","pa_languages","140","Turkish"
"1880","pa_languages","140","Turkish"
"1881","pa_languages","140","Turkish"
"1882","pa_languages","140","Turkish"
"1898","pa_languages","140","Turkish"
"1907","pa_languages","140","Turkish"
"1910","pa_languages","140","Turkish"
"1915","pa_languages","140","Turkish"
"1919","pa_languages","140","Turkish"
"1920","pa_languages","140","Turkish"
"2029","pa_languages","140","Turkish"
"2041","pa_languages","140","Turkish"
"2118","pa_languages","140","Turkish"
"2161","pa_languages","140","Turkish"
"2163","pa_languages","140","Turkish"
"2172","pa_languages","140","Turkish"
"2179","pa_languages","140","Turkish"
"2203","pa_languages","140","Turkish"
"2328","pa_languages","140","Turkish"
"2329","pa_languages","140","Turkish"
"2369","pa_languages","140","Turkish"
"2438","pa_languages","140","Turkish"
"2439","pa_languages","140","Turkish"
"2440","pa_languages","140","Turkish"
"2453","pa_languages","140","Turkish"
"2454","pa_languages","140","Turkish"
"2455","pa_languages","140","Turkish"
"2626","pa_languages","140","Turkish"
"2641","pa_languages","140","Turkish"
"2642","pa_languages","140","Turkish"
"2689","pa_languages","140","Turkish"
"2707","pa_languages","140","Turkish"
"2852","pa_languages","140","Turkish"
"2863","pa_languages","140","Turkish"
"2874","pa_languages","140","Turkish"
"2880","pa_languages","140","Turkish"
"3003","pa_languages","140","Turkish"
"3213","pa_languages","140","Turkish"
"3264","pa_languages","140","Turkish"
"3298","pa_languages","140","Turkish"
"3310","pa_languages","140","Turkish"
"3344","pa_languages","140","Turkish"
"3390","pa_languages","140","Turkish"
"3393","pa_languages","140","Turkish"
"3460","pa_languages","140","Turkish"
"3468","pa_languages","140","Turkish"
"3469","pa_languages","140","Turkish"
"3477","pa_languages","140","Turkish"
"3479","pa_languages","140","Turkish"
"3488","pa_languages","140","Turkish"
"3489","pa_languages","140","Turkish"
"3500","pa_languages","140","Turkish"
"3522","pa_languages","140","Turkish"
"3523","pa_languages","140","Turkish"
"3552","pa_languages","140","Turkish"
"3553","pa_languages","140","Turkish"
"3573","pa_languages","140","Turkish"
"3577","pa_languages","140","Turkish"
"3578","pa_languages","140","Turkish"
"3579","pa_languages","140","Turkish"
"3580","pa_languages","140","Turkish"
"3581","pa_languages","140","Turkish"
"3583","pa_languages","140","Turkish"
"3585","pa_languages","140","Turkish"
"3586","pa_languages","140","Turkish"
"3587","pa_languages","140","Turkish"
"3590","pa_languages","140","Turkish"
"3591","pa_languages","140","Turkish"
"3593","pa_languages","140","Turkish"
"3625","pa_languages","140","Turkish"
"3663","pa_languages","140","Turkish"
"3664","pa_languages","140","Turkish"
"3680","pa_languages","140","Turkish"
"3682","pa_languages","140","Turkish"
"3683","pa_languages","140","Turkish"
"3687","pa_languages","140","Turkish"
"3742","pa_languages","140","Turkish"
"3745","pa_languages","140","Turkish"
"3746","pa_languages","140","Turkish"
"3748","pa_languages","140","Turkish"
"3749","pa_languages","140","Turkish"
"3841","pa_languages","140","Turkish"
"3928","pa_languages","140","Turkish"
"3965","pa_languages","140","Turkish"
"3968","pa_languages","140","Turkish"
"3980","pa_languages","140","Turkish"
"3988","pa_languages","140","Turkish"
"4018","pa_languages","140","Turkish"
"4066","pa_languages","140","Turkish"
"4092","pa_languages","140","Turkish"
"4110","pa_languages","140","Turkish"
"4208","pa_languages","140","Turkish"
"4209","pa_languages","140","Turkish"
"4299","pa_languages","140","Turkish"
"4301","pa_languages","140","Turkish"
"4313","pa_languages","140","Turkish"
"4317","pa_languages","140","Turkish"
"4329","pa_languages","140","Turkish"
"4332","pa_languages","140","Turkish"
"4341","pa_languages","140","Turkish"
"4346","pa_languages","140","Turkish"
"4356","pa_languages","140","Turkish"
"4377","pa_languages","140","Turkish"
"4380","pa_languages","140","Turkish"
"4383","pa_languages","140","Turkish"
"4397","pa_languages","140","Turkish"
"4408","pa_languages","140","Turkish"
"4416","pa_languages","140","Turkish"
"4424","pa_languages","140","Turkish"
"4430","pa_languages","140","Turkish"
"4439","pa_languages","140","Turkish"
"4450","pa_languages","140","Turkish"
"4460","pa_languages","140","Turkish"
"4463","pa_languages","140","Turkish"
"4465","pa_languages","140","Turkish"
"4480","pa_languages","140","Turkish"
"4521","pa_languages","140","Turkish"
"4523","pa_languages","140","Turkish"
"4561","pa_languages","140","Turkish"
"4572","pa_languages","140","Turkish"
"4583","pa_languages","140","Turkish"
"4588","pa_languages","140","Turkish"
"4596","pa_languages","140","Turkish"
"4604","pa_languages","140","Turkish"
"4609","pa_languages","140","Turkish"
"4639","pa_languages","140","Turkish"
"4643","pa_languages","140","Turkish"
"4788","pa_languages","140","Turkish"
"4790","pa_languages","140","Turkish"
"4793","pa_languages","140","Turkish"
"4797","pa_languages","140","Turkish"
"4802","pa_languages","140","Turkish"
"4806","pa_languages","140","Turkish"
"4828","pa_languages","140","Turkish"
"4980","pa_languages","140","Turkish"
"4992","pa_languages","140","Turkish"
"4994","pa_languages","140","Turkish"
"5002","pa_languages","140","Turkish"
"5004","pa_languages","140","Turkish"
"5045","pa_languages","140","Turkish"
"5049","pa_languages","140","Turkish"
"5183","pa_languages","140","Turkish"
"5198","pa_languages","140","Turkish"
"5199","pa_languages","140","Turkish"
"5200","pa_languages","140","Turkish"
"5201","pa_languages","140","Turkish"
"5202","pa_languages","140","Turkish"
"5220","pa_languages","140","Turkish"
"5221","pa_languages","140","Turkish"
"5222","pa_languages","140","Turkish"
"5224","pa_languages","140","Turkish"
"5227","pa_languages","140","Turkish"
"5228","pa_languages","140","Turkish"
"5229","pa_languages","140","Turkish"
"5230","pa_languages","140","Turkish"
"5231","pa_languages","140","Turkish"
"5232","pa_languages","140","Turkish"
"5259","pa_languages","140","Turkish"
"5374","pa_languages","140","Turkish"
"5477","pa_languages","140","Turkish"
"5493","pa_languages","140","Turkish"
"5496","pa_languages","140","Turkish"
"5497","pa_languages","140","Turkish"
"5498","pa_languages","140","Turkish"
"5499","pa_languages","140","Turkish"
"5500","pa_languages","140","Turkish"
"5501","pa_languages","140","Turkish"
"5502","pa_languages","140","Turkish"
"5503","pa_languages","140","Turkish"
"5504","pa_languages","140","Turkish"
"5506","pa_languages","140","Turkish"
"5507","pa_languages","140","Turkish"
"5508","pa_languages","140","Turkish"
"5510","pa_languages","140","Turkish"
"5512","pa_languages","140","Turkish"
"5513","pa_languages","140","Turkish"
"5514","pa_languages","140","Turkish"
"5515","pa_languages","140","Turkish"
"5517","pa_languages","140","Turkish"
"5518","pa_languages","140","Turkish"
"5519","pa_languages","140","Turkish"
"5520","pa_languages","140","Turkish"
"5521","pa_languages","140","Turkish"
"5522","pa_languages","140","Turkish"
"5523","pa_languages","140","Turkish"
"5524","pa_languages","140","Turkish"
"5525","pa_languages","140","Turkish"
"5526","pa_languages","140","Turkish"
"5527","pa_languages","140","Turkish"
"5528","pa_languages","140","Turkish"
"5529","pa_languages","140","Turkish"
"5530","pa_languages","140","Turkish"
"5531","pa_languages","140","Turkish"
"5532","pa_languages","140","Turkish"
"5533","pa_languages","140","Turkish"
"5534","pa_languages","140","Turkish"
"5535","pa_languages","140","Turkish"
"5536","pa_languages","140","Turkish"
"5537","pa_languages","140","Turkish"
"5538","pa_languages","140","Turkish"
"5539","pa_languages","140","Turkish"
"5796","pa_languages","140","Turkish"
"5797","pa_languages","140","Turkish"
"5798","pa_languages","140","Turkish"
"5804","pa_languages","140","Turkish"
"5821","pa_languages","140","Turkish"
"5830","pa_languages","140","Turkish"
"5831","pa_languages","140","Turkish"
"5853","pa_languages","140","Turkish"
"5854","pa_languages","140","Turkish"
"5860","pa_languages","140","Turkish"
"5964","pa_languages","140","Turkish"
"5969","pa_languages","140","Turkish"
"6009","pa_languages","140","Turkish"
"6010","pa_languages","140","Turkish"
"6075","pa_languages","140","Turkish"
"6082","pa_languages","140","Turkish"
"6138","pa_languages","140","Turkish"
"1365","pa_languages","141","French"
"1876","pa_languages","141","French"
"1881","pa_languages","141","French"
"3590","pa_languages","141","French"
"3680","pa_languages","141","French"
"4092","pa_languages","141","French"
"4291","pa_languages","141","French"
"4380","pa_languages","141","French"
"4447","pa_languages","141","French"
"4693","pa_languages","141","French"
"4828","pa_languages","141","French"
"4839","pa_languages","141","French"
"4844","pa_languages","141","French"
"4862","pa_languages","141","French"
"4864","pa_languages","141","French"
"4865","pa_languages","141","French"
"4866","pa_languages","141","French"
"4887","pa_languages","141","French"
"4888","pa_languages","141","French"
"4889","pa_languages","141","French"
"4890","pa_languages","141","French"
"4891","pa_languages","141","French"
"4892","pa_languages","141","French"
"4893","pa_languages","141","French"
"4895","pa_languages","141","French"
"4896","pa_languages","141","French"
"4897","pa_languages","141","French"
"4898","pa_languages","141","French"
"5259","pa_languages","141","French"
"6042","pa_languages","141","French"
"6043","pa_languages","141","French"
"6045","pa_languages","141","French"
"6075","pa_languages","141","French"
"6082","pa_languages","141","French"
"755","pa_languages","142","German"
"1286","pa_languages","142","German"
"1292","pa_languages","142","German"
"1307","pa_languages","142","German"
"1858","pa_languages","142","German"
"1862","pa_languages","142","German"
"1880","pa_languages","142","German"
"3298","pa_languages","142","German"
"3468","pa_languages","142","German"
"3469","pa_languages","142","German"
"3477","pa_languages","142","German"
"3479","pa_languages","142","German"
"3488","pa_languages","142","German"
"3489","pa_languages","142","German"
"3500","pa_languages","142","German"
"3522","pa_languages","142","German"
"3523","pa_languages","142","German"
"3552","pa_languages","142","German"
"3553","pa_languages","142","German"
"3573","pa_languages","142","German"
"3577","pa_languages","142","German"
"3578","pa_languages","142","German"
"3579","pa_languages","142","German"
"3580","pa_languages","142","German"
"3581","pa_languages","142","German"
"3583","pa_languages","142","German"
"3586","pa_languages","142","German"
"3587","pa_languages","142","German"
"3590","pa_languages","142","German"
"3591","pa_languages","142","German"
"3593","pa_languages","142","German"
"3601","pa_languages","142","German"
"3663","pa_languages","142","German"
"3664","pa_languages","142","German"
"3680","pa_languages","142","German"
"3682","pa_languages","142","German"
"3687","pa_languages","142","German"
"3968","pa_languages","142","German"
"3980","pa_languages","142","German"
"3988","pa_languages","142","German"
"4001","pa_languages","142","German"
"4018","pa_languages","142","German"
"4025","pa_languages","142","German"
"4092","pa_languages","142","German"
"4110","pa_languages","142","German"
"4141","pa_languages","142","German"
"4176","pa_languages","142","German"
"4181","pa_languages","142","German"
"4194","pa_languages","142","German"
"4196","pa_languages","142","German"
"4203","pa_languages","142","German"
"4209","pa_languages","142","German"
"4212","pa_languages","142","German"
"4221","pa_languages","142","German"
"4229","pa_languages","142","German"
"4237","pa_languages","142","German"
"4251","pa_languages","142","German"
"4252","pa_languages","142","German"
"4291","pa_languages","142","German"
"4313","pa_languages","142","German"
"4329","pa_languages","142","German"
"4333","pa_languages","142","German"
"4341","pa_languages","142","German"
"4356","pa_languages","142","German"
"4377","pa_languages","142","German"
"4380","pa_languages","142","German"
"4383","pa_languages","142","German"
"4424","pa_languages","142","German"
"4430","pa_languages","142","German"
"4439","pa_languages","142","German"
"4447","pa_languages","142","German"
"4460","pa_languages","142","German"
"4463","pa_languages","142","German"
"4480","pa_languages","142","German"
"4523","pa_languages","142","German"
"4797","pa_languages","142","German"
"4806","pa_languages","142","German"
"4839","pa_languages","142","German"
"4844","pa_languages","142","German"
"4862","pa_languages","142","German"
"4864","pa_languages","142","German"
"4865","pa_languages","142","German"
"4866","pa_languages","142","German"
"4887","pa_languages","142","German"
"4888","pa_languages","142","German"
"4889","pa_languages","142","German"
"4890","pa_languages","142","German"
"4891","pa_languages","142","German"
"4892","pa_languages","142","German"
"4895","pa_languages","142","German"
"4896","pa_languages","142","German"
"4897","pa_languages","142","German"
"4980","pa_languages","142","German"
"4992","pa_languages","142","German"
"4994","pa_languages","142","German"
"5259","pa_languages","142","German"
"6075","pa_languages","142","German"
"6082","pa_languages","142","German"
"1345","pa_languages","143","Spanish"
"1809","pa_languages","143","Spanish"
"1815","pa_languages","143","Spanish"
"1817","pa_languages","143","Spanish"
"3586","pa_languages","143","Spanish"
"3680","pa_languages","143","Spanish"
"4066","pa_languages","143","Spanish"
"4092","pa_languages","143","Spanish"
"4291","pa_languages","143","Spanish"
"4447","pa_languages","143","Spanish"
"4480","pa_languages","143","Spanish"
"4839","pa_languages","143","Spanish"
"4844","pa_languages","143","Spanish"
"4862","pa_languages","143","Spanish"
"4864","pa_languages","143","Spanish"
"4865","pa_languages","143","Spanish"
"4866","pa_languages","143","Spanish"
"4887","pa_languages","143","Spanish"
"4888","pa_languages","143","Spanish"
"4889","pa_languages","143","Spanish"
"4890","pa_languages","143","Spanish"
"4891","pa_languages","143","Spanish"
"4892","pa_languages","143","Spanish"
"4893","pa_languages","143","Spanish"
"4895","pa_languages","143","Spanish"
"4896","pa_languages","143","Spanish"
"4897","pa_languages","143","Spanish"
"4898","pa_languages","143","Spanish"
"668","pa_languages","151","Russian"
"859","pa_languages","151","Russian"
"998","pa_languages","151","Russian"
"1345","pa_languages","151","Russian"
"1390","pa_languages","151","Russian"
"1391","pa_languages","151","Russian"
"1392","pa_languages","151","Russian"
"1600","pa_languages","151","Russian"
"1612","pa_languages","151","Russian"
"1826","pa_languages","151","Russian"
"1898","pa_languages","151","Russian"
"1907","pa_languages","151","Russian"
"1910","pa_languages","151","Russian"
"1915","pa_languages","151","Russian"
"1919","pa_languages","151","Russian"
"1920","pa_languages","151","Russian"
"2041","pa_languages","151","Russian"
"2328","pa_languages","151","Russian"
"2329","pa_languages","151","Russian"
"3048","pa_languages","151","Russian"
"3080","pa_languages","151","Russian"
"3086","pa_languages","151","Russian"
"3298","pa_languages","151","Russian"
"3468","pa_languages","151","Russian"
"3477","pa_languages","151","Russian"
"3479","pa_languages","151","Russian"
"3488","pa_languages","151","Russian"
"3489","pa_languages","151","Russian"
"3500","pa_languages","151","Russian"
"3522","pa_languages","151","Russian"
"3573","pa_languages","151","Russian"
"3577","pa_languages","151","Russian"
"3578","pa_languages","151","Russian"
"3579","pa_languages","151","Russian"
"3580","pa_languages","151","Russian"
"3581","pa_languages","151","Russian"
"3583","pa_languages","151","Russian"
"3585","pa_languages","151","Russian"
"3587","pa_languages","151","Russian"
"3590","pa_languages","151","Russian"
"3591","pa_languages","151","Russian"
"3593","pa_languages","151","Russian"
"3601","pa_languages","151","Russian"
"3663","pa_languages","151","Russian"
"3664","pa_languages","151","Russian"
"3680","pa_languages","151","Russian"
"3683","pa_languages","151","Russian"
"3687","pa_languages","151","Russian"
"3871","pa_languages","151","Russian"
"3883","pa_languages","151","Russian"
"3891","pa_languages","151","Russian"
"3903","pa_languages","151","Russian"
"3937","pa_languages","151","Russian"
"3940","pa_languages","151","Russian"
"3941","pa_languages","151","Russian"
"3946","pa_languages","151","Russian"
"3947","pa_languages","151","Russian"
"3950","pa_languages","151","Russian"
"3968","pa_languages","151","Russian"
"3980","pa_languages","151","Russian"
"3988","pa_languages","151","Russian"
"3997","pa_languages","151","Russian"
"4001","pa_languages","151","Russian"
"4002","pa_languages","151","Russian"
"4025","pa_languages","151","Russian"
"4060","pa_languages","151","Russian"
"4063","pa_languages","151","Russian"
"4110","pa_languages","151","Russian"
"4118","pa_languages","151","Russian"
"4120","pa_languages","151","Russian"
"4141","pa_languages","151","Russian"
"4176","pa_languages","151","Russian"
"4181","pa_languages","151","Russian"
"4194","pa_languages","151","Russian"
"4196","pa_languages","151","Russian"
"4203","pa_languages","151","Russian"
"4212","pa_languages","151","Russian"
"4221","pa_languages","151","Russian"
"4229","pa_languages","151","Russian"
"4237","pa_languages","151","Russian"
"4251","pa_languages","151","Russian"
"4252","pa_languages","151","Russian"
"4317","pa_languages","151","Russian"
"4329","pa_languages","151","Russian"
"4332","pa_languages","151","Russian"
"4333","pa_languages","151","Russian"
"4341","pa_languages","151","Russian"
"4356","pa_languages","151","Russian"
"4383","pa_languages","151","Russian"
"4424","pa_languages","151","Russian"
"4430","pa_languages","151","Russian"
"4523","pa_languages","151","Russian"
"4790","pa_languages","151","Russian"
"4793","pa_languages","151","Russian"
"4797","pa_languages","151","Russian"
"4806","pa_languages","151","Russian"
"4980","pa_languages","151","Russian"
"4992","pa_languages","151","Russian"
"4994","pa_languages","151","Russian"
"5939","pa_languages","151","Russian"
"5943","pa_languages","151","Russian"
"5944","pa_languages","151","Russian"
"5945","pa_languages","151","Russian"
"668","pa_languages","152","Persian"
"859","pa_languages","152","Persian"
"999","pa_languages","152","Persian"
"1022","pa_languages","152","Persian"
"2179","pa_languages","152","Persian"
"5821","pa_languages","152","Persian"
"712","pa_country","156","Lapta"
"942","pa_country","156","Lapta"
"1023","pa_country","156","Lapta"
"1854","pa_country","156","Lapta"
"2163","pa_country","156","Lapta"
"5259","pa_country","156","Lapta"
"6075","pa_country","156","Lapta"
"1126","pa_country","157","Morphou"
"1128","pa_country","157","Morphou"
"1129","pa_country","157","Morphou"
"1333","pa_country","157","Morphou"
"1365","pa_country","157","Morphou"
"1379","pa_country","157","Morphou"
"2455","pa_country","157","Morphou"
"3763","pa_country","157","Morphou"
"4208","pa_country","157","Morphou"
"4583","pa_country","157","Morphou"
"4588","pa_country","157","Morphou"
"4609","pa_country","157","Morphou"
"4613","pa_country","157","Morphou"
"5060","pa_country","157","Morphou"
"5259","pa_country","157","Morphou"
"6082","pa_country","157","Morphou"
"6138","pa_country","157","Morphou"
"942","pa_country","183","Alev Kayasi/ Halefka"
"2163","pa_country","183","Alev Kayasi/ Halefka"
"2369","pa_country","183","Alev Kayasi/ Halefka"
"3763","pa_country","183","Alev Kayasi/ Halefka"
"4613","pa_country","183","Alev Kayasi/ Halefka"
"5060","pa_country","183","Alev Kayasi/ Halefka"
"5259","pa_country","183","Alev Kayasi/ Halefka"
"917","pa_country","185","Kormacit/ Kormakitis"
"942","pa_country","185","Kormacit/ Kormakitis"
"3748","pa_country","185","Kormacit/ Kormakitis"
"3763","pa_country","185","Kormacit/ Kormakitis"
"4613","pa_country","185","Kormacit/ Kormakitis"
"5060","pa_country","185","Kormacit/ Kormakitis"
"5259","pa_country","185","Kormacit/ Kormakitis"
"6075","pa_country","185","Kormacit/ Kormakitis"
"6082","pa_country","185","Kormacit/ Kormakitis"
"942","pa_country","190","Karpaz / Karpasia"
"998","pa_country","190","Karpaz / Karpasia"
"1333","pa_country","190","Karpaz / Karpasia"
"1365","pa_country","190","Karpaz / Karpasia"
"1852","pa_country","190","Karpaz / Karpasia"
"2163","pa_country","190","Karpaz / Karpasia"
"2707","pa_country","190","Karpaz / Karpasia"
"3748","pa_country","190","Karpaz / Karpasia"
"4208","pa_country","190","Karpaz / Karpasia"
"4613","pa_country","190","Karpaz / Karpasia"
"4639","pa_country","190","Karpaz / Karpasia"
"4679","pa_country","190","Karpaz / Karpasia"
"5060","pa_country","190","Karpaz / Karpasia"
"5964","pa_country","190","Karpaz / Karpasia"
"6082","pa_country","190","Karpaz / Karpasia"
"816","pa_country","191","Gornec"
"1186","pa_country","195","Larnaca"
"3048","pa_country","195","Larnaca"
"3080","pa_country","195","Larnaca"
"3086","pa_country","195","Larnaca"
"3749","pa_country","195","Larnaca"
"3763","pa_country","195","Larnaca"
"3871","pa_country","195","Larnaca"
"3883","pa_country","195","Larnaca"
"3891","pa_country","195","Larnaca"
"3903","pa_country","195","Larnaca"
"4208","pa_country","195","Larnaca"
"4221","pa_country","195","Larnaca"
"4229","pa_country","195","Larnaca"
"4541","pa_country","195","Larnaca"
"4572","pa_country","195","Larnaca"
"4583","pa_country","195","Larnaca"
"4588","pa_country","195","Larnaca"
"4609","pa_country","195","Larnaca"
"4613","pa_country","195","Larnaca"
"4637","pa_country","195","Larnaca"
"4638","pa_country","195","Larnaca"
"4674","pa_country","195","Larnaca"
"4675","pa_country","195","Larnaca"
"4679","pa_country","195","Larnaca"
"4771","pa_country","195","Larnaca"
"5060","pa_country","195","Larnaca"
"5825","pa_country","195","Larnaca"
"5826","pa_country","195","Larnaca"
"5887","pa_country","195","Larnaca"
"5890","pa_country","195","Larnaca"
"5891","pa_country","195","Larnaca"
"5939","pa_country","195","Larnaca"
"5943","pa_country","195","Larnaca"
"5944","pa_country","195","Larnaca"
"5945","pa_country","195","Larnaca"
"6150","pa_country","195","Larnaca"
"1476","pa_country","196","Paphos"
"3041","pa_country","196","Paphos"
"3100","pa_country","196","Paphos"
"3102","pa_country","196","Paphos"
"3103","pa_country","196","Paphos"
"3763","pa_country","196","Paphos"
"3947","pa_country","196","Paphos"
"3950","pa_country","196","Paphos"
"3997","pa_country","196","Paphos"
"4002","pa_country","196","Paphos"
"4208","pa_country","196","Paphos"
"4613","pa_country","196","Paphos"
"4677","pa_country","196","Paphos"
"4678","pa_country","196","Paphos"
"5060","pa_country","196","Paphos"
"5939","pa_country","196","Paphos"
"5943","pa_country","196","Paphos"
"5944","pa_country","196","Paphos"
"5945","pa_country","196","Paphos"
"6042","pa_country","196","Paphos"
"6043","pa_country","196","Paphos"
"6045","pa_country","196","Paphos"
"3601","pa_country","197","Ayia Napa"
"3763","pa_country","197","Ayia Napa"
"3937","pa_country","197","Ayia Napa"
"3940","pa_country","197","Ayia Napa"
"3941","pa_country","197","Ayia Napa"
"3946","pa_country","197","Ayia Napa"
"4141","pa_country","197","Ayia Napa"
"4176","pa_country","197","Ayia Napa"
"4181","pa_country","197","Ayia Napa"
"4194","pa_country","197","Ayia Napa"
"4196","pa_country","197","Ayia Napa"
"4203","pa_country","197","Ayia Napa"
"4208","pa_country","197","Ayia Napa"
"4212","pa_country","197","Ayia Napa"
"4221","pa_country","197","Ayia Napa"
"4229","pa_country","197","Ayia Napa"
"4237","pa_country","197","Ayia Napa"
"4251","pa_country","197","Ayia Napa"
"4252","pa_country","197","Ayia Napa"
"4596","pa_country","197","Ayia Napa"
"4604","pa_country","197","Ayia Napa"
"4613","pa_country","197","Ayia Napa"
"4638","pa_country","197","Ayia Napa"
"4639","pa_country","197","Ayia Napa"
"4674","pa_country","197","Ayia Napa"
"4679","pa_country","197","Ayia Napa"
"5060","pa_country","197","Ayia Napa"
"5826","pa_country","197","Ayia Napa"
"5939","pa_country","197","Ayia Napa"
"5943","pa_country","197","Ayia Napa"
"5944","pa_country","197","Ayia Napa"
"5945","pa_country","197","Ayia Napa"
"2819","pa_country","198","Limassol"
"3041","pa_country","198","Limassol"
"3048","pa_country","198","Limassol"
"3080","pa_country","198","Limassol"
"3086","pa_country","198","Limassol"
"3100","pa_country","198","Limassol"
"3102","pa_country","198","Limassol"
"3103","pa_country","198","Limassol"
"3763","pa_country","198","Limassol"
"4060","pa_country","198","Limassol"
"4063","pa_country","198","Limassol"
"4118","pa_country","198","Limassol"
"4120","pa_country","198","Limassol"
"4208","pa_country","198","Limassol"
"4541","pa_country","198","Limassol"
"4588","pa_country","198","Limassol"
"4613","pa_country","198","Limassol"
"4628","pa_country","198","Limassol"
"4637","pa_country","198","Limassol"
"4672","pa_country","198","Limassol"
"4677","pa_country","198","Limassol"
"4678","pa_country","198","Limassol"
"4693","pa_country","198","Limassol"
"4772","pa_country","198","Limassol"
"5060","pa_country","198","Limassol"
"5887","pa_country","198","Limassol"
"5890","pa_country","198","Limassol"
"5891","pa_country","198","Limassol"
"5939","pa_country","198","Limassol"
"5943","pa_country","198","Limassol"
"5944","pa_country","198","Limassol"
"5945","pa_country","198","Limassol"
"6150","pa_country","198","Limassol"
"1233","pa_country","200","Antalya"
"1255","pa_country","200","Antalya"
"1274","pa_country","200","Antalya"
"1390","pa_country","200","Antalya"
"1391","pa_country","200","Antalya"
"1392","pa_country","200","Antalya"
"1428","pa_country","200","Antalya"
"1434","pa_country","200","Antalya"
"1440","pa_country","200","Antalya"
"1442","pa_country","200","Antalya"
"1600","pa_country","200","Antalya"
"1612","pa_country","200","Antalya"
"2118","pa_country","200","Antalya"
"3264","pa_country","200","Antalya"
"3298","pa_country","200","Antalya"
"3468","pa_country","200","Antalya"
"3469","pa_country","200","Antalya"
"3477","pa_country","200","Antalya"
"3479","pa_country","200","Antalya"
"3488","pa_country","200","Antalya"
"3489","pa_country","200","Antalya"
"3500","pa_country","200","Antalya"
"3522","pa_country","200","Antalya"
"3523","pa_country","200","Antalya"
"3552","pa_country","200","Antalya"
"3553","pa_country","200","Antalya"
"3573","pa_country","200","Antalya"
"3577","pa_country","200","Antalya"
"3578","pa_country","200","Antalya"
"3580","pa_country","200","Antalya"
"3581","pa_country","200","Antalya"
"3583","pa_country","200","Antalya"
"3585","pa_country","200","Antalya"
"3586","pa_country","200","Antalya"
"3587","pa_country","200","Antalya"
"3593","pa_country","200","Antalya"
"3663","pa_country","200","Antalya"
"3664","pa_country","200","Antalya"
"3680","pa_country","200","Antalya"
"3682","pa_country","200","Antalya"
"3683","pa_country","200","Antalya"
"3688","pa_country","200","Antalya"
"3988","pa_country","200","Antalya"
"4001","pa_country","200","Antalya"
"4018","pa_country","200","Antalya"
"4025","pa_country","200","Antalya"
"4110","pa_country","200","Antalya"
"4209","pa_country","200","Antalya"
"4299","pa_country","200","Antalya"
"4313","pa_country","200","Antalya"
"4333","pa_country","200","Antalya"
"4341","pa_country","200","Antalya"
"4377","pa_country","200","Antalya"
"4383","pa_country","200","Antalya"
"4397","pa_country","200","Antalya"
"4408","pa_country","200","Antalya"
"4424","pa_country","200","Antalya"
"4430","pa_country","200","Antalya"
"4439","pa_country","200","Antalya"
"4523","pa_country","200","Antalya"
"4788","pa_country","200","Antalya"
"4790","pa_country","200","Antalya"
"4797","pa_country","200","Antalya"
"5049","pa_country","200","Antalya"
"1255","pa_country","201","Fethiye &amp; Oludeniz"
"1274","pa_country","201","Fethiye &amp; Oludeniz"
"1286","pa_country","201","Fethiye &amp; Oludeniz"
"1292","pa_country","201","Fethiye &amp; Oludeniz"
"1307","pa_country","201","Fethiye &amp; Oludeniz"
"1345","pa_country","201","Fethiye &amp; Oludeniz"
"1826","pa_country","201","Fethiye &amp; Oludeniz"
"1862","pa_country","201","Fethiye &amp; Oludeniz"
"1898","pa_country","201","Fethiye &amp; Oludeniz"
"1907","pa_country","201","Fethiye &amp; Oludeniz"
"1910","pa_country","201","Fethiye &amp; Oludeniz"
"1915","pa_country","201","Fethiye &amp; Oludeniz"
"1919","pa_country","201","Fethiye &amp; Oludeniz"
"1920","pa_country","201","Fethiye &amp; Oludeniz"
"2328","pa_country","201","Fethiye &amp; Oludeniz"
"2329","pa_country","201","Fethiye &amp; Oludeniz"
"3980","pa_country","201","Fethiye &amp; Oludeniz"
"4802","pa_country","201","Fethiye &amp; Oludeniz"
"4980","pa_country","201","Fethiye &amp; Oludeniz"
"4992","pa_country","201","Fethiye &amp; Oludeniz"
"4994","pa_country","201","Fethiye &amp; Oludeniz"
"981","pa_country","203","Alsancak"
"989","pa_country","203","Alsancak"
"1167","pa_country","203","Alsancak"
"1854","pa_country","203","Alsancak"
"2163","pa_country","203","Alsancak"
"3763","pa_country","203","Alsancak"
"4613","pa_country","203","Alsancak"
"5060","pa_country","203","Alsancak"
"5259","pa_country","203","Alsancak"
"1255","pa_country","204","Mugla"
"1307","pa_country","204","Mugla"
"3590","pa_country","204","Mugla"
"3687","pa_country","204","Mugla"
"1023","pa_languages","209","Dutch"
"3579","pa_languages","209","Dutch"
"3586","pa_languages","209","Dutch"
"4628","pa_languages","209","Dutch"
"4806","pa_languages","209","Dutch"
"4828","pa_languages","209","Dutch"
"5259","pa_languages","209","Dutch"
"6075","pa_languages","209","Dutch"
"6082","pa_languages","209","Dutch"
"1025","pa_languages","210","Greek"
"1476","pa_languages","210","Greek"
"1882","pa_languages","210","Greek"
"2203","pa_languages","210","Greek"
"2369","pa_languages","210","Greek"
"2424","pa_languages","210","Greek"
"2819","pa_languages","210","Greek"
"3041","pa_languages","210","Greek"
"3048","pa_languages","210","Greek"
"3080","pa_languages","210","Greek"
"3086","pa_languages","210","Greek"
"3100","pa_languages","210","Greek"
"3102","pa_languages","210","Greek"
"3103","pa_languages","210","Greek"
"3202","pa_languages","210","Greek"
"3344","pa_languages","210","Greek"
"3390","pa_languages","210","Greek"
"3393","pa_languages","210","Greek"
"3460","pa_languages","210","Greek"
"3601","pa_languages","210","Greek"
"3763","pa_languages","210","Greek"
"3841","pa_languages","210","Greek"
"3871","pa_languages","210","Greek"
"3883","pa_languages","210","Greek"
"3891","pa_languages","210","Greek"
"3903","pa_languages","210","Greek"
"3937","pa_languages","210","Greek"
"3940","pa_languages","210","Greek"
"3941","pa_languages","210","Greek"
"3946","pa_languages","210","Greek"
"3947","pa_languages","210","Greek"
"3950","pa_languages","210","Greek"
"3997","pa_languages","210","Greek"
"4002","pa_languages","210","Greek"
"4060","pa_languages","210","Greek"
"4063","pa_languages","210","Greek"
"4118","pa_languages","210","Greek"
"4120","pa_languages","210","Greek"
"4141","pa_languages","210","Greek"
"4176","pa_languages","210","Greek"
"4181","pa_languages","210","Greek"
"4194","pa_languages","210","Greek"
"4196","pa_languages","210","Greek"
"4203","pa_languages","210","Greek"
"4212","pa_languages","210","Greek"
"4221","pa_languages","210","Greek"
"4229","pa_languages","210","Greek"
"4237","pa_languages","210","Greek"
"4251","pa_languages","210","Greek"
"4252","pa_languages","210","Greek"
"4333","pa_languages","210","Greek"
"4416","pa_languages","210","Greek"
"4541","pa_languages","210","Greek"
"4613","pa_languages","210","Greek"
"4628","pa_languages","210","Greek"
"4637","pa_languages","210","Greek"
"4638","pa_languages","210","Greek"
"4672","pa_languages","210","Greek"
"4674","pa_languages","210","Greek"
"4675","pa_languages","210","Greek"
"4676","pa_languages","210","Greek"
"4677","pa_languages","210","Greek"
"4678","pa_languages","210","Greek"
"4679","pa_languages","210","Greek"
"4693","pa_languages","210","Greek"
"4771","pa_languages","210","Greek"
"4772","pa_languages","210","Greek"
"4828","pa_languages","210","Greek"
"5060","pa_languages","210","Greek"
"5812","pa_languages","210","Greek"
"5825","pa_languages","210","Greek"
"5826","pa_languages","210","Greek"
"5887","pa_languages","210","Greek"
"5890","pa_languages","210","Greek"
"5891","pa_languages","210","Greek"
"5892","pa_languages","210","Greek"
"5939","pa_languages","210","Greek"
"5943","pa_languages","210","Greek"
"5944","pa_languages","210","Greek"
"5945","pa_languages","210","Greek"
"6042","pa_languages","210","Greek"
"6043","pa_languages","210","Greek"
"6045","pa_languages","210","Greek"
"6150","pa_languages","210","Greek"
"3590","pa_languages","212","Polish"
"3601","pa_languages","212","Polish"
"4141","pa_languages","212","Polish"
"4176","pa_languages","212","Polish"
"4181","pa_languages","212","Polish"
"4194","pa_languages","212","Polish"
"4196","pa_languages","212","Polish"
"4203","pa_languages","212","Polish"
"4212","pa_languages","212","Polish"
"4221","pa_languages","212","Polish"
"4229","pa_languages","212","Polish"
"4237","pa_languages","212","Polish"
"4251","pa_languages","212","Polish"
"4252","pa_languages","212","Polish"
"4693","pa_languages","213","Hungarian"
"1365","pa_languages","214","Arabic"
"4447","pa_languages","214","Arabic"
"4480","pa_languages","214","Arabic"
"4839","pa_languages","214","Arabic"
"4844","pa_languages","214","Arabic"
"4862","pa_languages","214","Arabic"
"4864","pa_languages","214","Arabic"
"4865","pa_languages","214","Arabic"
"4866","pa_languages","214","Arabic"
"4887","pa_languages","214","Arabic"
"4888","pa_languages","214","Arabic"
"4889","pa_languages","214","Arabic"
"4890","pa_languages","214","Arabic"
"4891","pa_languages","214","Arabic"
"4892","pa_languages","214","Arabic"
"4895","pa_languages","214","Arabic"
"4896","pa_languages","214","Arabic"
"4897","pa_languages","214","Arabic"
"4628","pa_languages","216","Romanian"
"1023","pa_country","223","Five Fingers"
"2163","pa_country","223","Five Fingers"
"3763","pa_country","223","Five Fingers"
"4208","pa_country","223","Five Fingers"
"4613","pa_country","223","Five Fingers"
"5060","pa_country","223","Five Fingers"
"5259","pa_country","223","Five Fingers"
"1025","pa_languages","225","Italian"
"1852","pa_languages","225","Italian"
"3460","pa_languages","225","Italian"
"4447","pa_languages","225","Italian"
"4839","pa_languages","225","Italian"
"4844","pa_languages","225","Italian"
"4862","pa_languages","225","Italian"
"4864","pa_languages","225","Italian"
"4865","pa_languages","225","Italian"
"4866","pa_languages","225","Italian"
"4887","pa_languages","225","Italian"
"4888","pa_languages","225","Italian"
"4889","pa_languages","225","Italian"
"4890","pa_languages","225","Italian"
"4891","pa_languages","225","Italian"
"4892","pa_languages","225","Italian"
"4895","pa_languages","225","Italian"
"4896","pa_languages","225","Italian"
"4897","pa_languages","225","Italian"
"5887","pa_languages","225","Italian"
"5890","pa_languages","225","Italian"
"5891","pa_languages","225","Italian"
"5892","pa_languages","225","Italian"
"6150","pa_languages","225","Italian"
"1333","pa_country","238","Lefke"
"2454","pa_country","238","Lefke"
"2707","pa_country","238","Lefke"
"3344","pa_country","238","Lefke"
"3393","pa_country","238","Lefke"
"3763","pa_country","238","Lefke"
"4208","pa_country","238","Lefke"
"4613","pa_country","238","Lefke"
"5060","pa_country","238","Lefke"
"5259","pa_country","238","Lefke"
"6082","pa_country","238","Lefke"
"1126","pa_languages","243","Herbew"
"1233","pa_country","249","Taurus Mountains (Toros Daglari)"
"1255","pa_country","249","Taurus Mountains (Toros Daglari)"
"1307","pa_country","249","Taurus Mountains (Toros Daglari)"
"1255","pa_country","252","Burdur"
"1442","pa_country","252","Burdur"
"1740","pa_country","252","Burdur"
"1255","pa_country","253","Isparta"
"1440","pa_country","253","Isparta"
"1255","pa_country","254","Marmaris"
"3579","pa_country","254","Marmaris"
"3591","pa_country","254","Marmaris"
"3687","pa_country","254","Marmaris"
"3965","pa_country","254","Marmaris"
"3968","pa_country","254","Marmaris"
"4317","pa_country","254","Marmaris"
"4329","pa_country","254","Marmaris"
"4332","pa_country","254","Marmaris"
"4356","pa_country","254","Marmaris"
"4460","pa_country","254","Marmaris"
"4463","pa_country","254","Marmaris"
"4806","pa_country","254","Marmaris"
"5227","pa_country","254","Marmaris"
"5228","pa_country","254","Marmaris"
"1307","pa_country","255","Lycian Way (Likya Yolu)"
"1733","pa_country","256","Izmir"
"1740","pa_country","256","Izmir"
"1858","pa_country","256","Izmir"
"1868","pa_country","256","Izmir"
"1876","pa_country","256","Izmir"
"1880","pa_country","256","Izmir"
"1881","pa_country","256","Izmir"
"1882","pa_country","256","Izmir"
"4301","pa_country","256","Izmir"
"4450","pa_country","256","Izmir"
"4521","pa_country","256","Izmir"
"4561","pa_country","256","Izmir"
"5002","pa_country","256","Izmir"
"5004","pa_country","256","Izmir"
"5045","pa_country","256","Izmir"
"5227","pa_country","257","Ankara"
"5228","pa_country","257","Ankara"
"1345","pa_languages","261","Portuguese"
"4066","pa_languages","261","Portuguese"
"4092","pa_languages","261","Portuguese"
"4480","pa_languages","263","Chinese"
"1255","pa_country","291","Kemer"
"1600","pa_country","291","Kemer"
"1612","pa_country","291","Kemer"
"3477","pa_country","291","Kemer"
"3500","pa_country","291","Kemer"
"3578","pa_country","291","Kemer"
"3585","pa_country","291","Kemer"
"3663","pa_country","291","Kemer"
"3988","pa_country","291","Kemer"
"4790","pa_country","291","Kemer"
"4793","pa_country","291","Kemer"
"5049","pa_country","291","Kemer"
"1255","pa_country","292","Kas"
"3264","pa_country","292","Kas"
"5049","pa_country","292","Kas"
"1826","pa_country","307","Butterfly Valley (Kelebekler Vadisi)"
"1898","pa_country","307","Butterfly Valley (Kelebekler Vadisi)"
"1907","pa_country","307","Butterfly Valley (Kelebekler Vadisi)"
"1910","pa_country","307","Butterfly Valley (Kelebekler Vadisi)"
"1915","pa_country","307","Butterfly Valley (Kelebekler Vadisi)"
"2118","pa_country","327","Kumluca"
"5049","pa_country","327","Kumluca"
"3048","pa_languages","380","Czech"
"3080","pa_languages","380","Czech"
"3086","pa_languages","380","Czech"
"3048","pa_languages","381","Slovak"
"3080","pa_languages","381","Slovak"
"3086","pa_languages","381","Slovak"
"1255","pa_country","403","Side"
"3468","pa_country","403","Side"
"3489","pa_country","403","Side"
"3577","pa_country","403","Side"
"3587","pa_country","403","Side"
"3663","pa_country","403","Side"
"3664","pa_country","403","Side"
"3683","pa_country","403","Side"
"3988","pa_country","403","Side"
"4018","pa_country","403","Side"
"4110","pa_country","403","Side"
"4209","pa_country","403","Side"
"4313","pa_country","403","Side"
"4377","pa_country","403","Side"
"4430","pa_country","403","Side"
"4439","pa_country","403","Side"
"5049","pa_country","403","Side"
"3469","pa_country","404","Pamukkale"
"3552","pa_country","404","Pamukkale"
"3553","pa_country","404","Pamukkale"
"3581","pa_country","404","Pamukkale"
"3583","pa_country","404","Pamukkale"
"3585","pa_country","404","Pamukkale"
"3586","pa_country","404","Pamukkale"
"3587","pa_country","404","Pamukkale"
"3590","pa_country","404","Pamukkale"
"3591","pa_country","404","Pamukkale"
"4463","pa_country","404","Pamukkale"
"5199","pa_country","404","Pamukkale"
"5200","pa_country","404","Pamukkale"
"5202","pa_country","404","Pamukkale"
"5220","pa_country","404","Pamukkale"
"5221","pa_country","404","Pamukkale"
"5227","pa_country","404","Pamukkale"
"5228","pa_country","404","Pamukkale"
"5522","pa_country","404","Pamukkale"
"5523","pa_country","404","Pamukkale"
"5524","pa_country","404","Pamukkale"
"5525","pa_country","404","Pamukkale"
"1233","pa_country","405","Alanya"
"1255","pa_country","405","Alanya"
"1442","pa_country","405","Alanya"
"3488","pa_country","405","Alanya"
"3523","pa_country","405","Alanya"
"3553","pa_country","405","Alanya"
"3573","pa_country","405","Alanya"
"3583","pa_country","405","Alanya"
"3663","pa_country","405","Alanya"
"3664","pa_country","405","Alanya"
"3680","pa_country","405","Alanya"
"3988","pa_country","405","Alanya"
"4001","pa_country","405","Alanya"
"4025","pa_country","405","Alanya"
"4333","pa_country","405","Alanya"
"4341","pa_country","405","Alanya"
"4383","pa_country","405","Alanya"
"4397","pa_country","405","Alanya"
"4424","pa_country","405","Alanya"
"4523","pa_country","405","Alanya"
"4788","pa_country","405","Alanya"
"4797","pa_country","405","Alanya"
"5049","pa_country","405","Alanya"
"5945","pa_country","405","Alanya"
"1255","pa_country","406","Belek"
"3522","pa_country","406","Belek"
"3552","pa_country","406","Belek"
"3586","pa_country","406","Belek"
"3593","pa_country","406","Belek"
"3688","pa_country","406","Belek"
"5049","pa_country","406","Belek"
"3573","pa_languages","407","Danish"
"3573","pa_languages","408","Norwegian"
"430","pa_country","409","Nicosia (South)"
"749","pa_country","409","Nicosia (South)"
"1815","pa_country","409","Nicosia (South)"
"2707","pa_country","409","Nicosia (South)"
"3202","pa_country","409","Nicosia (South)"
"3390","pa_country","409","Nicosia (South)"
"3763","pa_country","409","Nicosia (South)"
"3841","pa_country","409","Nicosia (South)"
"4208","pa_country","409","Nicosia (South)"
"4346","pa_country","409","Nicosia (South)"
"4416","pa_country","409","Nicosia (South)"
"4541","pa_country","409","Nicosia (South)"
"4572","pa_country","409","Nicosia (South)"
"4583","pa_country","409","Nicosia (South)"
"4588","pa_country","409","Nicosia (South)"
"4596","pa_country","409","Nicosia (South)"
"4604","pa_country","409","Nicosia (South)"
"4609","pa_country","409","Nicosia (South)"
"4613","pa_country","409","Nicosia (South)"
"4637","pa_country","409","Nicosia (South)"
"4638","pa_country","409","Nicosia (South)"
"4639","pa_country","409","Nicosia (South)"
"4643","pa_country","409","Nicosia (South)"
"4674","pa_country","409","Nicosia (South)"
"4675","pa_country","409","Nicosia (South)"
"4676","pa_country","409","Nicosia (South)"
"4677","pa_country","409","Nicosia (South)"
"4678","pa_country","409","Nicosia (South)"
"4679","pa_country","409","Nicosia (South)"
"4828","pa_country","409","Nicosia (South)"
"5060","pa_country","409","Nicosia (South)"
"5812","pa_country","409","Nicosia (South)"
"5825","pa_country","409","Nicosia (South)"
"5826","pa_country","409","Nicosia (South)"
"5887","pa_country","409","Nicosia (South)"
"5890","pa_country","409","Nicosia (South)"
"5892","pa_country","409","Nicosia (South)"
"6150","pa_country","409","Nicosia (South)"
"416","pa_country","410","Nicosia (North)"
"430","pa_country","410","Nicosia (North)"
"668","pa_country","410","Nicosia (North)"
"749","pa_country","410","Nicosia (North)"
"755","pa_country","410","Nicosia (North)"
"813","pa_country","410","Nicosia (North)"
"819","pa_country","410","Nicosia (North)"
"859","pa_country","410","Nicosia (North)"
"935","pa_country","410","Nicosia (North)"
"999","pa_country","410","Nicosia (North)"
"1022","pa_country","410","Nicosia (North)"
"1024","pa_country","410","Nicosia (North)"
"1025","pa_country","410","Nicosia (North)"
"1156","pa_country","410","Nicosia (North)"
"1333","pa_country","410","Nicosia (North)"
"1365","pa_country","410","Nicosia (North)"
"1379","pa_country","410","Nicosia (North)"
"1502","pa_country","410","Nicosia (North)"
"1514","pa_country","410","Nicosia (North)"
"1519","pa_country","410","Nicosia (North)"
"1582","pa_country","410","Nicosia (North)"
"1815","pa_country","410","Nicosia (North)"
"1817","pa_country","410","Nicosia (North)"
"2029","pa_country","410","Nicosia (North)"
"2203","pa_country","410","Nicosia (North)"
"2369","pa_country","410","Nicosia (North)"
"2453","pa_country","410","Nicosia (North)"
"2642","pa_country","410","Nicosia (North)"
"2707","pa_country","410","Nicosia (North)"
"2852","pa_country","410","Nicosia (North)"
"2863","pa_country","410","Nicosia (North)"
"2874","pa_country","410","Nicosia (North)"
"2880","pa_country","410","Nicosia (North)"
"3213","pa_country","410","Nicosia (North)"
"3390","pa_country","410","Nicosia (North)"
"3460","pa_country","410","Nicosia (North)"
"3763","pa_country","410","Nicosia (North)"
"3841","pa_country","410","Nicosia (North)"
"4208","pa_country","410","Nicosia (North)"
"4346","pa_country","410","Nicosia (North)"
"4465","pa_country","410","Nicosia (North)"
"4572","pa_country","410","Nicosia (North)"
"4583","pa_country","410","Nicosia (North)"
"4588","pa_country","410","Nicosia (North)"
"4596","pa_country","410","Nicosia (North)"
"4604","pa_country","410","Nicosia (North)"
"4609","pa_country","410","Nicosia (North)"
"4613","pa_country","410","Nicosia (North)"
"4639","pa_country","410","Nicosia (North)"
"4643","pa_country","410","Nicosia (North)"
"4828","pa_country","410","Nicosia (North)"
"5060","pa_country","410","Nicosia (North)"
"5259","pa_country","410","Nicosia (North)"
"5821","pa_country","410","Nicosia (North)"
"5892","pa_country","410","Nicosia (North)"
"5964","pa_country","410","Nicosia (North)"
"5969","pa_country","410","Nicosia (North)"
"6082","pa_country","410","Nicosia (North)"
"6138","pa_country","410","Nicosia (North)"
"3590","pa_country","411","Bodrum"
"4380","pa_country","411","Bodrum"
"3601","pa_languages","413","Swedish"
"4141","pa_languages","413","Swedish"
"4176","pa_languages","413","Swedish"
"4181","pa_languages","413","Swedish"
"4194","pa_languages","413","Swedish"
"4196","pa_languages","413","Swedish"
"4203","pa_languages","413","Swedish"
"4212","pa_languages","413","Swedish"
"4221","pa_languages","413","Swedish"
"4229","pa_languages","413","Swedish"
"4237","pa_languages","413","Swedish"
"4251","pa_languages","413","Swedish"
"4252","pa_languages","413","Swedish"
"4060","pa_country","416","Pissouri"
"4063","pa_country","416","Pissouri"
"4118","pa_country","416","Pissouri"
"4120","pa_country","416","Pissouri"
"4677","pa_country","416","Pissouri"
"5939","pa_country","416","Pissouri"
"5943","pa_country","416","Pissouri"
"5944","pa_country","416","Pissouri"
"5945","pa_country","416","Pissouri"
"3947","pa_country","418","Latchi"
"3950","pa_country","418","Latchi"
"3997","pa_country","418","Latchi"
"4002","pa_country","418","Latchi"
"5939","pa_country","418","Latchi"
"5943","pa_country","418","Latchi"
"5944","pa_country","418","Latchi"
"5945","pa_country","418","Latchi"
"1233","pa_country","420","Antalya City"
"1255","pa_country","420","Antalya City"
"1390","pa_country","420","Antalya City"
"1391","pa_country","420","Antalya City"
"1392","pa_country","420","Antalya City"
"1428","pa_country","420","Antalya City"
"1434","pa_country","420","Antalya City"
"1442","pa_country","420","Antalya City"
"1600","pa_country","420","Antalya City"
"1612","pa_country","420","Antalya City"
"3298","pa_country","420","Antalya City"
"3469","pa_country","420","Antalya City"
"3479","pa_country","420","Antalya City"
"3581","pa_country","420","Antalya City"
"3593","pa_country","420","Antalya City"
"3682","pa_country","420","Antalya City"
"4299","pa_country","420","Antalya City"
"4408","pa_country","420","Antalya City"
"5049","pa_country","420","Antalya City"
"3928","pa_country","426","Nevehir"
"4066","pa_country","426","Nevehir"
"4092","pa_country","426","Nevehir"
"3928","pa_country","427","Cappadocia"
"4066","pa_country","427","Cappadocia"
"4092","pa_country","427","Cappadocia"
"5200","pa_country","427","Cappadocia"
"5227","pa_country","427","Cappadocia"
"5228","pa_country","427","Cappadocia"
"5229","pa_country","427","Cappadocia"
"5230","pa_country","427","Cappadocia"
"5231","pa_country","427","Cappadocia"
"5232","pa_country","427","Cappadocia"
"5514","pa_country","427","Cappadocia"
"5515","pa_country","427","Cappadocia"
"5517","pa_country","427","Cappadocia"
"5518","pa_country","427","Cappadocia"
"5797","pa_country","427","Cappadocia"
"4066","pa_languages","430","Japanese"
"5227","pa_country","471","Konya"
"5228","pa_country","471","Konya"
"5222","pa_country","486","Gallipoli"
"5224","pa_country","486","Gallipoli"
"5519","pa_country","486","Gallipoli"
"5804","pa_country","486","Gallipoli"
"5222","pa_country","487","Canakkale"
"5224","pa_country","487","Canakkale"
"5228","pa_country","487","Canakkale"
"5519","pa_country","487","Canakkale"
"5798","pa_country","487","Canakkale"
"5804","pa_country","487","Canakkale"
"5222","pa_country","488","Troy"
"5224","pa_country","488","Troy"
"5228","pa_country","488","Troy"
"5798","pa_country","488","Troy"
"5804","pa_country","488","Troy"
"5183","pa_country","489","Bursa"
"4380","pa_country","490","Ephesus"
"4460","pa_country","490","Ephesus"
"4463","pa_country","490","Ephesus"
"5201","pa_country","490","Ephesus"
"5202","pa_country","490","Ephesus"
"5221","pa_country","490","Ephesus"
"5227","pa_country","490","Ephesus"
"5228","pa_country","490","Ephesus"
"5520","pa_country","490","Ephesus"
"5521","pa_country","490","Ephesus"
"5522","pa_country","490","Ephesus"
"5523","pa_country","490","Ephesus"
"5524","pa_country","490","Ephesus"
"5525","pa_country","490","Ephesus"
"5198","pa_country","491","Pergama"
"5201","pa_country","491","Pergama"
"5220","pa_country","491","Pergama"
"5221","pa_country","491","Pergama"
"5228","pa_country","491","Pergama"
"5939","pa_country","507","Greece"
"5943","pa_country","507","Greece"
"5944","pa_country","507","Greece"
"5939","pa_country","508","Rhodes Island"
"5944","pa_country","508","Rhodes Island"
"5943","pa_country","509","Symi Island"
